CWNS_NUM,LAGOON_CODE,LAGOON_NAME
1000011001,LAGOON,"Lagoon, Other"
1000023001,LAGOON,"Lagoon, Other"
1000023002,LAGOON,"Lagoon, Other"
1000023390,LAGOON,"Lagoon, Other"
1000028001,LAGOON_AER,"Lagoon, Aerated"
1000034001,LAGOON,"Lagoon, Other"
1000037001,LAGOON,"Lagoon, Other"
1000038001,LAGOON,"Lagoon, Other"
1000051001,LAGOON,"Lagoon, Other"
1000060001,LAGOON,"Lagoon, Other"
1000064001,LAGOON,"Lagoon, Other"
1000071001,LAGOON,"Lagoon, Other"
1000073001,LAGOON,"Lagoon, Other"
1000075001,LAGOON,"Lagoon, Other"
1000086001,LAGOON,"Lagoon, Other"
1000101001,LAGOON_AER,"Lagoon, Aerated"
1000115001,LAGOON,"Lagoon, Other"
1000124001,LAGOON,"Lagoon, Other"
1000128003,LAGOON,"Lagoon, Other"
1000131002,LAGOON,"Lagoon, Other"
1000141001,LAGOON,"Lagoon, Other"
1000161001,LAGOON,"Lagoon, Other"
1000162001,LAGOON,"Lagoon, Other"
1000169001,LAGOON,"Lagoon, Other"
1000186001,LAGOON,"Lagoon, Other"
1000192001,LAGOON_AER,"Lagoon, Aerated"
1000209001,LAGOON,"Lagoon, Other"
1000221001,LAGOON,"Lagoon, Other"
1000231001,LAGOON,"Lagoon, Other"
1000234001,LAGOON,"Lagoon, Other"
1000244001,LAGOON,"Lagoon, Other"
1000247001,LAGOON,"Lagoon, Other"
1000248001,LAGOON,"Lagoon, Other"
1000250001,LAGOON,"Lagoon, Other"
1000256001,LAGOON,"Lagoon, Other"
1000308001,LAGOON,"Lagoon, Other"
1000316001,LAGOON,"Lagoon, Other"
1000318001,LAGOON,"Lagoon, Other"
1000331001,LAGOON,"Lagoon, Other"
1000347001,LAGOON_AER,"Lagoon, Aerated"
1000348001,LAGOON,"Lagoon, Other"
1000349002,LAGOON,"Lagoon, Other"
1000355001,LAGOON,"Lagoon, Other"
1000358001,LAGOON,"Lagoon, Other"
1000367001,LAGOON,"Lagoon, Other"
1000369001,LAGOON,"Lagoon, Other"
1000374001,LAGOON,"Lagoon, Other"
1000401001,LAGOON,"Lagoon, Other"
1000406001,LAGOON_AER,"Lagoon, Aerated"
1000414001,LAGOON,"Lagoon, Other"
1000534001,LAGOON,"Lagoon, Other"
1000797001,LAGOON,"Lagoon, Other"
13000078003,LAGOON,"Lagoon, Other"
13000080001,LAGOON,"Lagoon, Other"
13000083001,LAGOON,"Lagoon, Other"
13000093001,LAGOON,"Lagoon, Other"
13000111001,LAGOON,"Lagoon, Other"
13000119001,LAGOON,"Lagoon, Other"
13000128001,LAGOON,"Lagoon, Other"
13000141001,LAGOON,"Lagoon, Other"
13000160001,LAGOON,"Lagoon, Other"
13000163001,LAGOON,"Lagoon, Other"
13000163002,LAGOON,"Lagoon, Other"
13000165001,LAGOON,"Lagoon, Other"
13000167001,LAGOON,"Lagoon, Other"
13000503001,LAGOON,"Lagoon, Other"
13000506001,LAGOON,"Lagoon, Other"
13000514001,LAGOON,"Lagoon, Other"
13000537001,LAGOON,"Lagoon, Other"
13000546001,LAGOON,"Lagoon, Other"
13000554001,LAGOON,"Lagoon, Other"
13000572001,LAGOON,"Lagoon, Other"
13000574001,LAGOON,"Lagoon, Other"
13000574002,LAGOON,"Lagoon, Other"
13000598001,LAGOON,"Lagoon, Other"
13000602001,LAGOON,"Lagoon, Other"
13000608001,LAGOON,"Lagoon, Other"
13000610001,LAGOON,"Lagoon, Other"
13000613001,LAGOON,"Lagoon, Other"
13000622001,LAGOON,"Lagoon, Other"
13000632001,LAGOON,"Lagoon, Other"
13000635001,LAGOON,"Lagoon, Other"
13000638002,LAGOON,"Lagoon, Other"
13000638003,LAGOON,"Lagoon, Other"
13000638004,LAGOON,"Lagoon, Other"
13000643001,LAGOON,"Lagoon, Other"
13000663001,LAGOON,"Lagoon, Other"
13000677001,LAGOON,"Lagoon, Other"
13000678001,LAGOON,"Lagoon, Other"
13000689001,LAGOON,"Lagoon, Other"
13000691001,LAGOON,"Lagoon, Other"
13000692001,LAGOON,"Lagoon, Other"
13000702001,LAGOON,"Lagoon, Other"
13000717001,LAGOON,"Lagoon, Other"
13000717002,LAGOON,"Lagoon, Other"
13000732001,LAGOON,"Lagoon, Other"
13000776001,LAGOON,"Lagoon, Other"
13000778001,LAGOON,"Lagoon, Other"
13000793001,LAGOON,"Lagoon, Other"
13000795001,LAGOON,"Lagoon, Other"
13000823001,LAGOON,"Lagoon, Other"
13000833001,LAGOON,"Lagoon, Other"
13000842001,LAGOON,"Lagoon, Other"
13000846001,LAGOON,"Lagoon, Other"
13000846003,LAGOON,"Lagoon, Other"
13000862002,LAGOON,"Lagoon, Other"
13000865001,LAGOON,"Lagoon, Other"
13009990003,LAGOON,"Lagoon, Other"
16000007001,BS_LAGOON,Biosolids Lagoon
16000025001,LAGOON,"Lagoon, Other"
16000033001,LAGOON,"Lagoon, Other"
16000050001,LAGOON,"Lagoon, Other"
16000064001,LAGOON,"Lagoon, Other"
16000073001,LAGOON,"Lagoon, Other"
16000082001,LAGOON,"Lagoon, Other"
16000102001,LAGOON,"Lagoon, Other"
16000109001,LAGOON,"Lagoon, Other"
16000115001,LAGOON,"Lagoon, Other"
16000142001,LAGOON,"Lagoon, Other"
17000007001,LAGOON,"Lagoon, Other"
17000014001,LAGOON,"Lagoon, Other"
17000018001,LAGOON,"Lagoon, Other"
17000041001,LAGOON_AER,"Lagoon, Aerated"
17000063002,LAGOON_AER,"Lagoon, Aerated"
17000065001,LAGOON,"Lagoon, Other"
17000086001,LAGOON,"Lagoon, Other"
17000103001,LAGOON_AER,"Lagoon, Aerated"
17000139001,LAGOON,"Lagoon, Other"
17000173001,LAGOON,"Lagoon, Other"
17000181001,LAGOON,"Lagoon, Other"
17000248001,LAGOON,"Lagoon, Other"
17000285002,LAGOON,"Lagoon, Other"
17000290001,LAGOON,"Lagoon, Other"
17000303001,LAGOON,"Lagoon, Other"
17000316001,LAGOON,"Lagoon, Other"
17000317001,LAGOON,"Lagoon, Other"
17000322001,LAGOON,"Lagoon, Other"
17000326001,STBL_POND,"Pond, Stabilization"
17000328001,LAGOON,"Lagoon, Other"
17000349001,LAGOON,"Lagoon, Other"
17000386001,LAGOON,"Lagoon, Other"
17000394001,LAGOON,"Lagoon, Other"
17000395001,LAGOON,"Lagoon, Other"
17000410001,LAGOON_AER,"Lagoon, Aerated"
17000415001,LAGOON_AER,"Lagoon, Aerated"
17000421001,LAGOON,"Lagoon, Other"
17000429001,LAGOON,"Lagoon, Other"
17000430001,LAGOON_POL,"Lagoon, Polishing"
17000433001,LAGOON,"Lagoon, Other"
17000437001,LAGOON_AER,"Lagoon, Aerated"
17000437001,LAGOON_POL,"Lagoon, Polishing"
17000438002,LAGOON,"Lagoon, Other"
17000511001,LAGOON_AER,"Lagoon, Aerated"
17000594001,LAGOON,"Lagoon, Other"
17000603001,LAGOON_AER,"Lagoon, Aerated"
17000605002,LAGOON,"Lagoon, Other"
17000650001,LAGOON,"Lagoon, Other"
17000686001,LAGOON,"Lagoon, Other"
17000688001,LAGOON,"Lagoon, Other"
17000736001,LAGOON,"Lagoon, Other"
17001013001,LAGOON,"Lagoon, Other"
17001014001,LAGOON,"Lagoon, Other"
17001025001,LAGOON_AER,"Lagoon, Aerated"
17001101001,LAGOON_AER,"Lagoon, Aerated"
17001104001,LAGOON,"Lagoon, Other"
17001120001,LAGOON,"Lagoon, Other"
17001203001,LAGOON_AER,"Lagoon, Aerated"
17001207001,LAGOON_POL,"Lagoon, Polishing"
17001213001,LAGOON,"Lagoon, Other"
17001216001,LAGOON,"Lagoon, Other"
17001218001,LAGOON,"Lagoon, Other"
17001219001,LAGOON,"Lagoon, Other"
17001315001,LAGOON,"Lagoon, Other"
17001316001,LAGOON,"Lagoon, Other"
17001320001,LAGOON,"Lagoon, Other"
17001505001,LAGOON,"Lagoon, Other"
17001506001,LAGOON,"Lagoon, Other"
17001604001,LAGOON_AER,"Lagoon, Aerated"
17001916001,LAGOON_AER,"Lagoon, Aerated"
17002001001,LAGOON_AER,"Lagoon, Aerated"
17002004001,LAGOON,"Lagoon, Other"
17002008001,LAGOON_AER,"Lagoon, Aerated"
17002025001,LAGOON_AER,"Lagoon, Aerated"
17002056001,LAGOON_AER,"Lagoon, Aerated"
17002084001,LAGOON_POL,"Lagoon, Polishing"
17002911001,LAGOON_AER,"Lagoon, Aerated"
17003002001,LAGOON,"Lagoon, Other"
17003018001,LAGOON,"Lagoon, Other"
17003101001,LAGOON,"Lagoon, Other"
17003201001,LAGOON,"Lagoon, Other"
17003212001,LAGOON_AER,"Lagoon, Aerated"
17003303001,LAGOON,"Lagoon, Other"
17003513001,LAGOON,"Lagoon, Other"
17003711001,LAGOON_POL,"Lagoon, Polishing"
17003720001,LAGOON,"Lagoon, Other"
17003916001,LAGOON_AER,"Lagoon, Aerated"
17003917001,LAGOON,"Lagoon, Other"
17005101001,LAGOON,"Lagoon, Other"
17005107001,LAGOON,"Lagoon, Other"
17005211001,LAGOON_AER,"Lagoon, Aerated"
17005310001,STBL_POND,"Pond, Stabilization"
17005315001,LAGOON_AER,"Lagoon, Aerated"
17005316001,STBL_POND,"Pond, Stabilization"
17005317001,LAGOON,"Lagoon, Other"
17005318001,LAGOON,"Lagoon, Other"
17005326001,LAGOON_POL,"Lagoon, Polishing"
17005603001,LAGOON,"Lagoon, Other"
17005612001,LAGOON,"Lagoon, Other"
17005806001,LAGOON,"Lagoon, Other"
17005907001,LAGOON,"Lagoon, Other"
17005907002,LAGOON,"Lagoon, Other"
17006504001,LAGOON,"Lagoon, Other"
17006511001,LAGOON,"Lagoon, Other"
17006911001,LAGOON,"Lagoon, Other"
17007012001,LAGOON_POL,"Lagoon, Polishing"
17007104001,LAGOON,"Lagoon, Other"
17007118001,LAGOON,"Lagoon, Other"
17007202001,LAGOON_AER,"Lagoon, Aerated"
17007203001,LAGOON_POL,"Lagoon, Polishing"
17007302001,LAGOON_AER,"Lagoon, Aerated"
17007306001,LAGOON,"Lagoon, Other"
17007313001,LAGOON,"Lagoon, Other"
17007517001,LAGOON_AER,"Lagoon, Aerated"
17007522001,LAGOON,"Lagoon, Other"
17007601001,LAGOON,"Lagoon, Other"
17007704001,LAGOON,"Lagoon, Other"
17007716001,LAGOON,"Lagoon, Other"
17007813001,LAGOON,"Lagoon, Other"
17008514001,LAGOON,"Lagoon, Other"
17008601001,LAGOON,"Lagoon, Other"
17008602001,LAGOON_AER,"Lagoon, Aerated"
17009014001,LAGOON_POL,"Lagoon, Polishing"
17009107001,LAGOON_FAC,"Lagoon, Facultative"
17009201001,LAGOON_AER,"Lagoon, Aerated"
17009403002,LAGOON,"Lagoon, Other"
17009412001,STBL_POND,"Pond, Stabilization"
17009419001,LAGOON,"Lagoon, Other"
17009514001,STBL_POND,"Pond, Stabilization"
17009915001,LAGOON,"Lagoon, Other"
17009916001,LAGOON,"Lagoon, Other"
17009917001,LAGOON,"Lagoon, Other"
17009930001,LAGOON_AER,"Lagoon, Aerated"
18000004001,LAGOON_AER,"Lagoon, Aerated"
18000013001,LAGOON_FAC,"Lagoon, Facultative"
18000030001,LAGOON_FAC,"Lagoon, Facultative"
18000076001,LAGOON_FAC,"Lagoon, Facultative"
18000088001,LAGOON_FAC,"Lagoon, Facultative"
18000228001,LAGOON_AER,"Lagoon, Aerated"
18000301001,LAGOON,"Lagoon, Other"
18000352001,LAGOON_FAC,"Lagoon, Facultative"
18000357001,LAGOON_FAC,"Lagoon, Facultative"
18000400001,LAGOON,"Lagoon, Other"
18000451001,LAGOON_FAC,"Lagoon, Facultative"
18000462001,LAGOON_FAC,"Lagoon, Facultative"
18000710001,LAGOON_FAC,"Lagoon, Facultative"
18001006001,LAGOON_FAC,"Lagoon, Facultative"
18001733001,LAGOON_FAC,"Lagoon, Facultative"
18001776001,LAGOON_FAC,"Lagoon, Facultative"
18001814001,LAGOON_FAC,"Lagoon, Facultative"
18003140001,LAGOON_FAC,"Lagoon, Facultative"
18003210001,LAGOON_FAC,"Lagoon, Facultative"
18003280001,LAGOON_FAC,"Lagoon, Facultative"
18003310001,LAGOON_FAC,"Lagoon, Facultative"
18003330001,LAGOON_FAC,"Lagoon, Facultative"
18003350001,LAGOON_FAC,"Lagoon, Facultative"
18004051001,LAGOON_FAC,"Lagoon, Facultative"
18004076001,LAGOON_FAC,"Lagoon, Facultative"
18004132001,LAGOON_FAC,"Lagoon, Facultative"
18004151001,LAGOON_FAC,"Lagoon, Facultative"
18004181001,LAGOON_FAC,"Lagoon, Facultative"
18004253001,LAGOON_AER,"Lagoon, Aerated"
18004273001,LAGOON_FAC,"Lagoon, Facultative"
18004275001,LAGOON_FAC,"Lagoon, Facultative"
18004371001,LAGOON_FAC,"Lagoon, Facultative"
18004374001,LAGOON_FAC,"Lagoon, Facultative"
18004394001,LAGOON,"Lagoon, Other"
18004536001,LAGOON_FAC,"Lagoon, Facultative"
18004553001,LAGOON_FAC,"Lagoon, Facultative"
18004555001,LAGOON_AER,"Lagoon, Aerated"
18004713001,LAGOON_FAC,"Lagoon, Facultative"
18004771001,LAGOON_FAC,"Lagoon, Facultative"
18004841001,LAGOON_FAC,"Lagoon, Facultative"
18004856001,LAGOON_FAC,"Lagoon, Facultative"
18004914001,LAGOON_FAC,"Lagoon, Facultative"
18005013001,LAGOON_FAC,"Lagoon, Facultative"
18005074001,LAGOON_FAC,"Lagoon, Facultative"
18005075001,LAGOON_FAC,"Lagoon, Facultative"
18005078002,LAGOON_AER,"Lagoon, Aerated"
18005111001,LAGOON_FAC,"Lagoon, Facultative"
18005132001,LAGOON_FAC,"Lagoon, Facultative"
18005253001,LAGOON_FAC,"Lagoon, Facultative"
18005290001,LAGOON_FAC,"Lagoon, Facultative"
18005311001,LAGOON_AER,"Lagoon, Aerated"
18005312001,LAGOON_AER,"Lagoon, Aerated"
18005313001,LAGOON_AER,"Lagoon, Aerated"
18005351001,LAGOON_FAC,"Lagoon, Facultative"
18005373001,LAGOON_FAC,"Lagoon, Facultative"
18005374001,LAGOON_FAC,"Lagoon, Facultative"
18005395001,LAGOON_FAC,"Lagoon, Facultative"
18005473001,LAGOON_FAC,"Lagoon, Facultative"
18005474001,LAGOON_FAC,"Lagoon, Facultative"
18005731001,LAGOON_FAC,"Lagoon, Facultative"
18005751001,LAGOON_FAC,"Lagoon, Facultative"
18005753001,LAGOON_FAC,"Lagoon, Facultative"
18005835001,LAGOON_AER,"Lagoon, Aerated"
18005835001,LAGOON_FAC,"Lagoon, Facultative"
18005994011,LAGOON_FAC,"Lagoon, Facultative"
18006020001,LAGOON_AER,"Lagoon, Aerated"
18080000017,LAGOON_FAC,"Lagoon, Facultative"
18120000007,LAGOON_FAC,"Lagoon, Facultative"
18120000010,LAGOON,"Lagoon, Other"
18120000012,LAGOON_FAC,"Lagoon, Facultative"
18120000019,LAGOON_FAC,"Lagoon, Facultative"
18120000022,LAGOON_FAC,"Lagoon, Facultative"
18120000024,LAGOON_FAC,"Lagoon, Facultative"
18120000025,LAGOON,"Lagoon, Other"
18120000031,LAGOON_FAC,"Lagoon, Facultative"
18120000033,LAGOON_FAC,"Lagoon, Facultative"
18120000038,LAGOON_FAC,"Lagoon, Facultative"
18120000040,LAGOON_FAC,"Lagoon, Facultative"
19000002001,BS_LAGOON,Biosolids Lagoon
19000005001,BS_LAGOON,Biosolids Lagoon
19000007001,BS_LAGOON,Biosolids Lagoon
19000008001,BS_LAGOON,Biosolids Lagoon
19000009001,LAGOON_AER,"Lagoon, Aerated"
19000010001,LAGOON_AER,"Lagoon, Aerated"
19000011001,LAGOON_AER,"Lagoon, Aerated"
19000012001,BS_LAGOON,Biosolids Lagoon
19000013001,BS_LAGOON,Biosolids Lagoon
19000016001,LAGOON_AER,"Lagoon, Aerated"
19000016002,BS_LAGOON,Biosolids Lagoon
19000017001,BS_LAGOON,Biosolids Lagoon
19000019001,BS_LAGOON,Biosolids Lagoon
19000020001,BS_LAGOON,Biosolids Lagoon
19000022001,BS_LAGOON,Biosolids Lagoon
19000025001,BS_LAGOON,Biosolids Lagoon
19000027001,LAGOON_AER,"Lagoon, Aerated"
19000029001,BS_LAGOON,Biosolids Lagoon
19000031001,BS_LAGOON,Biosolids Lagoon
19000037001,LAGOON_AER,"Lagoon, Aerated"
19000039001,BS_LAGOON,Biosolids Lagoon
19000041001,BS_LAGOON,Biosolids Lagoon
19000047001,BS_LAGOON,Biosolids Lagoon
19000049001,BS_LAGOON,Biosolids Lagoon
19000050001,BS_LAGOON,Biosolids Lagoon
19000051001,BS_LAGOON,Biosolids Lagoon
19000053001,BS_LAGOON,Biosolids Lagoon
19000057001,BS_LAGOON,Biosolids Lagoon
19000059001,BS_LAGOON,Biosolids Lagoon
19000060001,BS_LAGOON,Biosolids Lagoon
19000062001,BS_LAGOON,Biosolids Lagoon
19000063001,BS_LAGOON,Biosolids Lagoon
19000064001,BS_LAGOON,Biosolids Lagoon
19000068001,BS_LAGOON,Biosolids Lagoon
19000074001,BS_LAGOON,Biosolids Lagoon
19000077001,BS_LAGOON,Biosolids Lagoon
19000081001,LAGOON_AER,"Lagoon, Aerated"
19000082001,BS_LAGOON,Biosolids Lagoon
19000084001,BS_LAGOON,Biosolids Lagoon
19000086001,BS_LAGOON,Biosolids Lagoon
19000087001,BS_LAGOON,Biosolids Lagoon
19000088001,LAGOON_AER,"Lagoon, Aerated"
19000090001,BS_LAGOON,Biosolids Lagoon
19000091001,BS_LAGOON,Biosolids Lagoon
19000097001,BS_LAGOON,Biosolids Lagoon
19000099001,LAGOON_AER,"Lagoon, Aerated"
19000100001,BS_LAGOON,Biosolids Lagoon
19000101001,BS_LAGOON,Biosolids Lagoon
19000102001,BS_LAGOON,Biosolids Lagoon
19000107001,BS_LAGOON,Biosolids Lagoon
19000111001,BS_LAGOON,Biosolids Lagoon
19000113001,BS_LAGOON,Biosolids Lagoon
19000115001,BS_LAGOON,Biosolids Lagoon
19000116001,BS_LAGOON,Biosolids Lagoon
19000118001,BS_LAGOON,Biosolids Lagoon
19000120001,LAGOON_AER,"Lagoon, Aerated"
19000121001,BS_LAGOON,Biosolids Lagoon
19000142001,BS_LAGOON,Biosolids Lagoon
19000143001,BS_LAGOON,Biosolids Lagoon
19000147001,BS_LAGOON,Biosolids Lagoon
19000148001,BS_LAGOON,Biosolids Lagoon
19000149001,BS_LAGOON,Biosolids Lagoon
19000151001,BS_LAGOON,Biosolids Lagoon
19000152001,BS_LAGOON,Biosolids Lagoon
19000155001,BS_LAGOON,Biosolids Lagoon
19000157001,BS_LAGOON,Biosolids Lagoon
19000159001,BS_LAGOON,Biosolids Lagoon
19000160001,BS_LAGOON,Biosolids Lagoon
19000165001,BS_LAGOON,Biosolids Lagoon
19000168001,BS_LAGOON,Biosolids Lagoon
19000169002,LAGOON_AER,"Lagoon, Aerated"
19000172001,BS_LAGOON,Biosolids Lagoon
19000173001,BS_LAGOON,Biosolids Lagoon
19000175001,LAGOON_AER,"Lagoon, Aerated"
19000177001,BS_LAGOON,Biosolids Lagoon
19000180001,BS_LAGOON,Biosolids Lagoon
19000184001,BS_LAGOON,Biosolids Lagoon
19000185001,LAGOON_AER,"Lagoon, Aerated"
19000191001,BS_LAGOON,Biosolids Lagoon
19000192001,BS_LAGOON,Biosolids Lagoon
19000195001,BS_LAGOON,Biosolids Lagoon
19000196001,BS_LAGOON,Biosolids Lagoon
19000200001,BS_LAGOON,Biosolids Lagoon
19000201001,BS_LAGOON,Biosolids Lagoon
19000206001,BS_LAGOON,Biosolids Lagoon
19000207001,BS_LAGOON,Biosolids Lagoon
19000209001,LAGOON_AER,"Lagoon, Aerated"
19000212001,BS_LAGOON,Biosolids Lagoon
19000214001,BS_LAGOON,Biosolids Lagoon
19000215001,BS_LAGOON,Biosolids Lagoon
19000216001,BS_LAGOON,Biosolids Lagoon
19000217001,BS_LAGOON,Biosolids Lagoon
19000218001,BS_LAGOON,Biosolids Lagoon
19000219001,BS_LAGOON,Biosolids Lagoon
19000229001,BS_LAGOON,Biosolids Lagoon
19000230001,BS_LAGOON,Biosolids Lagoon
19000233001,BS_LAGOON,Biosolids Lagoon
19000235001,BS_LAGOON,Biosolids Lagoon
19000238001,BS_LAGOON,Biosolids Lagoon
19000240001,BS_LAGOON,Biosolids Lagoon
19000241001,LAGOON_AER,"Lagoon, Aerated"
19000242001,BS_LAGOON,Biosolids Lagoon
19000244001,LAGOON_AER,"Lagoon, Aerated"
19000245001,BS_LAGOON,Biosolids Lagoon
19000246001,BS_LAGOON,Biosolids Lagoon
19000247001,BS_LAGOON,Biosolids Lagoon
19000248001,BS_LAGOON,Biosolids Lagoon
19000254001,LAGOON_AER,"Lagoon, Aerated"
19000255001,LAGOON_AER,"Lagoon, Aerated"
19000257001,BS_LAGOON,Biosolids Lagoon
19000261001,BS_LAGOON,Biosolids Lagoon
19000262001,BS_LAGOON,Biosolids Lagoon
19000267001,LAGOON_AER,"Lagoon, Aerated"
19000268001,BS_LAGOON,Biosolids Lagoon
19000271001,BS_LAGOON,Biosolids Lagoon
19000272002,BS_LAGOON,Biosolids Lagoon
19000273001,BS_LAGOON,Biosolids Lagoon
19000274001,BS_LAGOON,Biosolids Lagoon
19000276001,BS_LAGOON,Biosolids Lagoon
19000279001,BS_LAGOON,Biosolids Lagoon
19000283001,BS_LAGOON,Biosolids Lagoon
19000284001,BS_LAGOON,Biosolids Lagoon
19000289001,BS_LAGOON,Biosolids Lagoon
19000290001,BS_LAGOON,Biosolids Lagoon
19000291001,LAGOON_AER,"Lagoon, Aerated"
19000292001,LAGOON_AER,"Lagoon, Aerated"
19000296001,BS_LAGOON,Biosolids Lagoon
19000297001,BS_LAGOON,Biosolids Lagoon
19000298001,LAGOON_AER,"Lagoon, Aerated"
19000299001,BS_LAGOON,Biosolids Lagoon
19000305001,BS_LAGOON,Biosolids Lagoon
19000309001,BS_LAGOON,Biosolids Lagoon
19000315001,BS_LAGOON,Biosolids Lagoon
19000316001,LAGOON_AER,"Lagoon, Aerated"
19000318001,BS_LAGOON,Biosolids Lagoon
19000319001,BS_LAGOON,Biosolids Lagoon
19000321001,BS_LAGOON,Biosolids Lagoon
19000323001,LAGOON_AER,"Lagoon, Aerated"
19000325001,LAGOON_AER,"Lagoon, Aerated"
19000326001,BS_LAGOON,Biosolids Lagoon
19000329001,LAGOON_AER,"Lagoon, Aerated"
19000330001,BS_LAGOON,Biosolids Lagoon
19000332001,BS_LAGOON,Biosolids Lagoon
19000333001,LAGOON_AER,"Lagoon, Aerated"
19000334001,BS_LAGOON,Biosolids Lagoon
19000336001,BS_LAGOON,Biosolids Lagoon
19000337001,BS_LAGOON,Biosolids Lagoon
19000338001,BS_LAGOON,Biosolids Lagoon
19000339001,BS_LAGOON,Biosolids Lagoon
19000340001,LAGOON_AER,"Lagoon, Aerated"
19000343001,BS_LAGOON,Biosolids Lagoon
19000346001,BS_LAGOON,Biosolids Lagoon
19000353001,BS_LAGOON,Biosolids Lagoon
19000357001,BS_LAGOON,Biosolids Lagoon
19000360001,BS_LAGOON,Biosolids Lagoon
19000363001,BS_LAGOON,Biosolids Lagoon
19000366001,BS_LAGOON,Biosolids Lagoon
19000369001,BS_LAGOON,Biosolids Lagoon
19000371001,BS_LAGOON,Biosolids Lagoon
19000381001,BS_LAGOON,Biosolids Lagoon
19000383001,BS_LAGOON,Biosolids Lagoon
19000387001,BS_LAGOON,Biosolids Lagoon
19000388001,BS_LAGOON,Biosolids Lagoon
19000389001,BS_LAGOON,Biosolids Lagoon
19000390001,BS_LAGOON,Biosolids Lagoon
19000391001,BS_LAGOON,Biosolids Lagoon
19000393001,BS_LAGOON,Biosolids Lagoon
19000395001,BS_LAGOON,Biosolids Lagoon
19000396001,BS_LAGOON,Biosolids Lagoon
19000397001,LAGOON_AER,"Lagoon, Aerated"
19000398001,LAGOON_AER,"Lagoon, Aerated"
19000407001,BS_LAGOON,Biosolids Lagoon
19000408001,BS_LAGOON,Biosolids Lagoon
19000411001,BS_LAGOON,Biosolids Lagoon
19000412001,BS_LAGOON,Biosolids Lagoon
19000417001,LAGOON_AER,"Lagoon, Aerated"
19000418001,BS_LAGOON,Biosolids Lagoon
19000421001,BS_LAGOON,Biosolids Lagoon
19000422001,BS_LAGOON,Biosolids Lagoon
19000423001,BS_LAGOON,Biosolids Lagoon
19000424001,BS_LAGOON,Biosolids Lagoon
19000426001,BS_LAGOON,Biosolids Lagoon
19000427001,BS_LAGOON,Biosolids Lagoon
19000430001,BS_LAGOON,Biosolids Lagoon
19000432001,BS_LAGOON,Biosolids Lagoon
19000433001,LAGOON_AER,"Lagoon, Aerated"
19000436001,BS_LAGOON,Biosolids Lagoon
19000439001,LAGOON_AER,"Lagoon, Aerated"
19000440001,LAGOON_AER,"Lagoon, Aerated"
19000443001,BS_LAGOON,Biosolids Lagoon
19000444001,LAGOON_AER,"Lagoon, Aerated"
19000445002,BS_LAGOON,Biosolids Lagoon
19000447001,LAGOON_AER,"Lagoon, Aerated"
19000453001,BS_LAGOON,Biosolids Lagoon
19000455001,BS_LAGOON,Biosolids Lagoon
19000458001,BS_LAGOON,Biosolids Lagoon
19000459001,BS_LAGOON,Biosolids Lagoon
19000460001,BS_LAGOON,Biosolids Lagoon
19000462001,BS_LAGOON,Biosolids Lagoon
19000463001,BS_LAGOON,Biosolids Lagoon
19000464001,BS_LAGOON,Biosolids Lagoon
19000467001,BS_LAGOON,Biosolids Lagoon
19000468001,BS_LAGOON,Biosolids Lagoon
19000470001,BS_LAGOON,Biosolids Lagoon
19000475001,BS_LAGOON,Biosolids Lagoon
19000476001,BS_LAGOON,Biosolids Lagoon
19000477001,BS_LAGOON,Biosolids Lagoon
19000478001,BS_LAGOON,Biosolids Lagoon
19000479001,BS_LAGOON,Biosolids Lagoon
19000482001,BS_LAGOON,Biosolids Lagoon
19000483001,BS_LAGOON,Biosolids Lagoon
19000484001,BS_LAGOON,Biosolids Lagoon
19000486001,BS_LAGOON,Biosolids Lagoon
19000486001,LAGOON_AER,"Lagoon, Aerated"
19000488001,BS_LAGOON,Biosolids Lagoon
19000490001,BS_LAGOON,Biosolids Lagoon
19000491001,BS_LAGOON,Biosolids Lagoon
19000492001,BS_LAGOON,Biosolids Lagoon
19000497001,BS_LAGOON,Biosolids Lagoon
19000498001,BS_LAGOON,Biosolids Lagoon
19000499001,LAGOON_AER,"Lagoon, Aerated"
19000500001,LAGOON_AER,"Lagoon, Aerated"
19000502001,BS_LAGOON,Biosolids Lagoon
19000503001,BS_LAGOON,Biosolids Lagoon
19000506001,BS_LAGOON,Biosolids Lagoon
19000508001,BS_LAGOON,Biosolids Lagoon
19000509001,BS_LAGOON,Biosolids Lagoon
19000510001,BS_LAGOON,Biosolids Lagoon
19000511001,BS_LAGOON,Biosolids Lagoon
19000515001,BS_LAGOON,Biosolids Lagoon
19000516001,BS_LAGOON,Biosolids Lagoon
19000519001,BS_LAGOON,Biosolids Lagoon
19000520001,BS_LAGOON,Biosolids Lagoon
19000522001,BS_LAGOON,Biosolids Lagoon
19000524001,BS_LAGOON,Biosolids Lagoon
19000525001,BS_LAGOON,Biosolids Lagoon
19000527001,BS_LAGOON,Biosolids Lagoon
19000531001,BS_LAGOON,Biosolids Lagoon
19000532001,BS_LAGOON,Biosolids Lagoon
19000538001,BS_LAGOON,Biosolids Lagoon
19000539001,BS_LAGOON,Biosolids Lagoon
19000540001,BS_LAGOON,Biosolids Lagoon
19000544001,LAGOON_AER,"Lagoon, Aerated"
19000546001,BS_LAGOON,Biosolids Lagoon
19000551001,LAGOON_AER,"Lagoon, Aerated"
19000552001,LAGOON_AER,"Lagoon, Aerated"
19000554001,BS_LAGOON,Biosolids Lagoon
19000556001,BS_LAGOON,Biosolids Lagoon
19000557001,BS_LAGOON,Biosolids Lagoon
19000558001,BS_LAGOON,Biosolids Lagoon
19000559001,BS_LAGOON,Biosolids Lagoon
19000563001,BS_LAGOON,Biosolids Lagoon
19000565001,LAGOON_AER,"Lagoon, Aerated"
19000566001,BS_LAGOON,Biosolids Lagoon
19000567001,BS_LAGOON,Biosolids Lagoon
19000568001,BS_LAGOON,Biosolids Lagoon
19000569001,BS_LAGOON,Biosolids Lagoon
19000579001,LAGOON_AER,"Lagoon, Aerated"
19000581001,LAGOON_AER,"Lagoon, Aerated"
19000583001,BS_LAGOON,Biosolids Lagoon
19000585001,LAGOON_AER,"Lagoon, Aerated"
19000587001,LAGOON_AER,"Lagoon, Aerated"
19000589001,BS_LAGOON,Biosolids Lagoon
19000590001,BS_LAGOON,Biosolids Lagoon
19000597001,BS_LAGOON,Biosolids Lagoon
19000599001,BS_LAGOON,Biosolids Lagoon
19000605001,BS_LAGOON,Biosolids Lagoon
19000611001,BS_LAGOON,Biosolids Lagoon
19000615001,LAGOON_AER,"Lagoon, Aerated"
19000616001,LAGOON_AER,"Lagoon, Aerated"
19000617001,BS_LAGOON,Biosolids Lagoon
19000618001,BS_LAGOON,Biosolids Lagoon
19000629001,BS_LAGOON,Biosolids Lagoon
19000630001,BS_LAGOON,Biosolids Lagoon
19000631001,BS_LAGOON,Biosolids Lagoon
19000632001,BS_LAGOON,Biosolids Lagoon
19000638001,BS_LAGOON,Biosolids Lagoon
19000642001,BS_LAGOON,Biosolids Lagoon
19000644001,BS_LAGOON,Biosolids Lagoon
19000645001,BS_LAGOON,Biosolids Lagoon
19000652001,BS_LAGOON,Biosolids Lagoon
19000653001,BS_LAGOON,Biosolids Lagoon
19000658001,BS_LAGOON,Biosolids Lagoon
19000659001,BS_LAGOON,Biosolids Lagoon
19000661001,LAGOON_AER,"Lagoon, Aerated"
19000664001,BS_LAGOON,Biosolids Lagoon
19000665001,LAGOON_AER,"Lagoon, Aerated"
19000667001,BS_LAGOON,Biosolids Lagoon
19000668001,BS_LAGOON,Biosolids Lagoon
19000669001,BS_LAGOON,Biosolids Lagoon
19000670001,BS_LAGOON,Biosolids Lagoon
19000671001,LAGOON_AER,"Lagoon, Aerated"
19000677001,BS_LAGOON,Biosolids Lagoon
19000680001,BS_LAGOON,Biosolids Lagoon
19000681001,BS_LAGOON,Biosolids Lagoon
19000683001,BS_LAGOON,Biosolids Lagoon
19000686001,BS_LAGOON,Biosolids Lagoon
19000689001,LAGOON_AER,"Lagoon, Aerated"
19000692001,BS_LAGOON,Biosolids Lagoon
19000694001,BS_LAGOON,Biosolids Lagoon
19000696001,BS_LAGOON,Biosolids Lagoon
19000698001,BS_LAGOON,Biosolids Lagoon
19000700001,BS_LAGOON,Biosolids Lagoon
19000701001,LAGOON_AER,"Lagoon, Aerated"
19000702001,BS_LAGOON,Biosolids Lagoon
19000704001,BS_LAGOON,Biosolids Lagoon
19000705001,LAGOON_AER,"Lagoon, Aerated"
19000706001,BS_LAGOON,Biosolids Lagoon
19000707001,BS_LAGOON,Biosolids Lagoon
19000708001,BS_LAGOON,Biosolids Lagoon
19000712001,BS_LAGOON,Biosolids Lagoon
19000716001,BS_LAGOON,Biosolids Lagoon
19000718001,BS_LAGOON,Biosolids Lagoon
19000721001,BS_LAGOON,Biosolids Lagoon
19000723001,BS_LAGOON,Biosolids Lagoon
19000724001,BS_LAGOON,Biosolids Lagoon
19000726001,BS_LAGOON,Biosolids Lagoon
19000727001,BS_LAGOON,Biosolids Lagoon
19000732001,BS_LAGOON,Biosolids Lagoon
19000733001,BS_LAGOON,Biosolids Lagoon
19000736001,BS_LAGOON,Biosolids Lagoon
19000738001,BS_LAGOON,Biosolids Lagoon
19000739001,BS_LAGOON,Biosolids Lagoon
19000747001,BS_LAGOON,Biosolids Lagoon
19000748001,BS_LAGOON,Biosolids Lagoon
19000752001,BS_LAGOON,Biosolids Lagoon
19000754001,BS_LAGOON,Biosolids Lagoon
19000756001,LAGOON_AER,"Lagoon, Aerated"
19000757001,BS_LAGOON,Biosolids Lagoon
19000758001,BS_LAGOON,Biosolids Lagoon
19000759001,BS_LAGOON,Biosolids Lagoon
19000763001,LAGOON_AER,"Lagoon, Aerated"
19000765001,BS_LAGOON,Biosolids Lagoon
19000768001,BS_LAGOON,Biosolids Lagoon
19000770001,BS_LAGOON,Biosolids Lagoon
19000771001,BS_LAGOON,Biosolids Lagoon
19000772001,BS_LAGOON,Biosolids Lagoon
19000776001,BS_LAGOON,Biosolids Lagoon
19000778001,LAGOON_AER,"Lagoon, Aerated"
19000779001,BS_LAGOON,Biosolids Lagoon
19000781001,BS_LAGOON,Biosolids Lagoon
19000782001,BS_LAGOON,Biosolids Lagoon
19000785001,LAGOON_AER,"Lagoon, Aerated"
19000786001,BS_LAGOON,Biosolids Lagoon
19000792001,BS_LAGOON,Biosolids Lagoon
19000793001,BS_LAGOON,Biosolids Lagoon
19000794001,BS_LAGOON,Biosolids Lagoon
19000800001,LAGOON_AER,"Lagoon, Aerated"
19000801001,LAGOON_AER,"Lagoon, Aerated"
19000802001,BS_LAGOON,Biosolids Lagoon
19000803001,BS_LAGOON,Biosolids Lagoon
19000806001,BS_LAGOON,Biosolids Lagoon
19000811001,BS_LAGOON,Biosolids Lagoon
19000813001,BS_LAGOON,Biosolids Lagoon
19000814001,BS_LAGOON,Biosolids Lagoon
19000815001,BS_LAGOON,Biosolids Lagoon
19000816001,BS_LAGOON,Biosolids Lagoon
19000817001,BS_LAGOON,Biosolids Lagoon
19000821001,BS_LAGOON,Biosolids Lagoon
19000822001,BS_LAGOON,Biosolids Lagoon
19000826001,BS_LAGOON,Biosolids Lagoon
19000827001,LAGOON_AER,"Lagoon, Aerated"
19000833001,BS_LAGOON,Biosolids Lagoon
19000836001,BS_LAGOON,Biosolids Lagoon
19000838001,BS_LAGOON,Biosolids Lagoon
19000840001,BS_LAGOON,Biosolids Lagoon
19000842001,BS_LAGOON,Biosolids Lagoon
19000844001,BS_LAGOON,Biosolids Lagoon
19000845001,BS_LAGOON,Biosolids Lagoon
19000847001,BS_LAGOON,Biosolids Lagoon
19000851001,LAGOON_AER,"Lagoon, Aerated"
19000852001,BS_LAGOON,Biosolids Lagoon
19000855001,LAGOON_AER,"Lagoon, Aerated"
19000857001,LAGOON_AER,"Lagoon, Aerated"
19000859001,LAGOON_AER,"Lagoon, Aerated"
19000862001,LAGOON_AER,"Lagoon, Aerated"
19000863001,BS_LAGOON,Biosolids Lagoon
19000864001,BS_LAGOON,Biosolids Lagoon
19000869001,BS_LAGOON,Biosolids Lagoon
19000873001,BS_LAGOON,Biosolids Lagoon
19000874001,BS_LAGOON,Biosolids Lagoon
19000878001,LAGOON_AER,"Lagoon, Aerated"
19000879001,BS_LAGOON,Biosolids Lagoon
19000882001,BS_LAGOON,Biosolids Lagoon
19000887001,LAGOON_AER,"Lagoon, Aerated"
19000888001,BS_LAGOON,Biosolids Lagoon
19000889001,BS_LAGOON,Biosolids Lagoon
19000891001,LAGOON_AER,"Lagoon, Aerated"
19000893001,BS_LAGOON,Biosolids Lagoon
19000895001,BS_LAGOON,Biosolids Lagoon
19000903001,BS_LAGOON,Biosolids Lagoon
19000904001,BS_LAGOON,Biosolids Lagoon
19000908001,BS_LAGOON,Biosolids Lagoon
19000909001,BS_LAGOON,Biosolids Lagoon
19000912001,BS_LAGOON,Biosolids Lagoon
19000914001,BS_LAGOON,Biosolids Lagoon
19000915001,BS_LAGOON,Biosolids Lagoon
19000919001,LAGOON_AER,"Lagoon, Aerated"
19000924001,BS_LAGOON,Biosolids Lagoon
19000925001,BS_LAGOON,Biosolids Lagoon
19000926001,BS_LAGOON,Biosolids Lagoon
19000928001,BS_LAGOON,Biosolids Lagoon
19000930001,BS_LAGOON,Biosolids Lagoon
19000935001,LAGOON_AER,"Lagoon, Aerated"
19000938001,BS_LAGOON,Biosolids Lagoon
19000939001,BS_LAGOON,Biosolids Lagoon
19000940001,LAGOON_AER,"Lagoon, Aerated"
19000941001,BS_LAGOON,Biosolids Lagoon
19000943001,LAGOON_AER,"Lagoon, Aerated"
19000947001,BS_LAGOON,Biosolids Lagoon
19000949001,BS_LAGOON,Biosolids Lagoon
19000950001,LAGOON_AER,"Lagoon, Aerated"
19000961001,LAGOON_AER,"Lagoon, Aerated"
19001010001,BS_LAGOON,Biosolids Lagoon
19001011001,BS_LAGOON,Biosolids Lagoon
19001014001,BS_LAGOON,Biosolids Lagoon
19001019001,BS_LAGOON,Biosolids Lagoon
19001020001,BS_LAGOON,Biosolids Lagoon
19001022001,BS_LAGOON,Biosolids Lagoon
19001027001,BS_LAGOON,Biosolids Lagoon
19001028001,BS_LAGOON,Biosolids Lagoon
19001029001,BS_LAGOON,Biosolids Lagoon
19001034001,BS_LAGOON,Biosolids Lagoon
19001037001,BS_LAGOON,Biosolids Lagoon
19001038001,BS_LAGOON,Biosolids Lagoon
19001043001,BS_LAGOON,Biosolids Lagoon
19001047001,BS_LAGOON,Biosolids Lagoon
19001048001,LAGOON_AER,"Lagoon, Aerated"
19001049001,BS_LAGOON,Biosolids Lagoon
19001053001,BS_LAGOON,Biosolids Lagoon
19001057001,BS_LAGOON,Biosolids Lagoon
19001058001,BS_LAGOON,Biosolids Lagoon
19001062001,BS_LAGOON,Biosolids Lagoon
19001066001,BS_LAGOON,Biosolids Lagoon
19001071001,BS_LAGOON,Biosolids Lagoon
19001074001,BS_LAGOON,Biosolids Lagoon
19001075001,BS_LAGOON,Biosolids Lagoon
19001086001,BS_LAGOON,Biosolids Lagoon
19001090001,BS_LAGOON,Biosolids Lagoon
19001091001,BS_LAGOON,Biosolids Lagoon
19001095001,BS_LAGOON,Biosolids Lagoon
19001096001,BS_LAGOON,Biosolids Lagoon
19001097001,BS_LAGOON,Biosolids Lagoon
19001099001,BS_LAGOON,Biosolids Lagoon
19001102001,BS_LAGOON,Biosolids Lagoon
19001103001,BS_LAGOON,Biosolids Lagoon
19001104001,BS_LAGOON,Biosolids Lagoon
19001301001,BS_LAGOON,Biosolids Lagoon
20000102001,BS_LAGOON,Biosolids Lagoon
20000103001,BS_LAGOON,Biosolids Lagoon
20000104001,BS_LAGOON,Biosolids Lagoon
20000105001,BS_LAGOON,Biosolids Lagoon
20000107001,BS_LAGOON,Biosolids Lagoon
20000109001,BS_LAGOON,Biosolids Lagoon
20000112001,BS_LAGOON,Biosolids Lagoon
20000114001,BS_LAGOON,Biosolids Lagoon
20000117001,BS_LAGOON,Biosolids Lagoon
20000120001,LAGOON,"Lagoon, Other"
20000121001,BS_LAGOON,Biosolids Lagoon
20000122001,BS_LAGOON,Biosolids Lagoon
20000124001,BS_LAGOON,Biosolids Lagoon
20000127001,BS_LAGOON,Biosolids Lagoon
20000131001,BS_LAGOON,Biosolids Lagoon
20000133001,BS_LAGOON,Biosolids Lagoon
20000138001,BS_LAGOON,Biosolids Lagoon
20000139001,LAGOON,"Lagoon, Other"
20000143001,BS_LAGOON,Biosolids Lagoon
20000145001,LAGOON,"Lagoon, Other"
20000165001,BS_LAGOON,Biosolids Lagoon
20000165001,LAGOON_AER,"Lagoon, Aerated"
20000166001,BS_LAGOON,Biosolids Lagoon
20000167001,BS_LAGOON,Biosolids Lagoon
20000170002,BS_LAGOON,Biosolids Lagoon
20000171001,BS_LAGOON,Biosolids Lagoon
20000173001,BS_LAGOON,Biosolids Lagoon
20000174001,BS_LAGOON,Biosolids Lagoon
20000177001,BS_LAGOON,Biosolids Lagoon
20000184001,BS_LAGOON,Biosolids Lagoon
20000185001,BS_LAGOON,Biosolids Lagoon
20000188001,BS_LAGOON,Biosolids Lagoon
20000189001,BS_LAGOON,Biosolids Lagoon
20000196001,BS_LAGOON,Biosolids Lagoon
20000199001,BS_LAGOON,Biosolids Lagoon
20000201001,BS_LAGOON,Biosolids Lagoon
20000202001,BS_LAGOON,Biosolids Lagoon
20000203001,BS_LAGOON,Biosolids Lagoon
20000205001,BS_LAGOON,Biosolids Lagoon
20000207001,BS_LAGOON,Biosolids Lagoon
20000208001,BS_LAGOON,Biosolids Lagoon
20000210001,BS_LAGOON,Biosolids Lagoon
20000211001,BS_LAGOON,Biosolids Lagoon
20000214001,BS_LAGOON,Biosolids Lagoon
20000220001,BS_LAGOON,Biosolids Lagoon
20000221001,BS_LAGOON,Biosolids Lagoon
20000223001,BS_LAGOON,Biosolids Lagoon
20000224001,BS_LAGOON,Biosolids Lagoon
20000280001,BS_LAGOON,Biosolids Lagoon
20000289001,BS_LAGOON,Biosolids Lagoon
20000301001,LAGOON,"Lagoon, Other"
20000315001,BS_LAGOON,Biosolids Lagoon
20000401001,LAGOON,"Lagoon, Other"
20000402001,BS_LAGOON,Biosolids Lagoon
20000402001,LAGOON_AER,"Lagoon, Aerated"
20000402001,STBL_POND,"Pond, Stabilization"
20000403001,BS_LAGOON,Biosolids Lagoon
20000405001,BS_LAGOON,Biosolids Lagoon
20000408001,BS_LAGOON,Biosolids Lagoon
20000409001,BS_LAGOON,Biosolids Lagoon
20000417001,BS_LAGOON,Biosolids Lagoon
20000419001,BS_LAGOON,Biosolids Lagoon
20000420001,BS_LAGOON,Biosolids Lagoon
20000421001,BS_LAGOON,Biosolids Lagoon
20000424001,BS_LAGOON,Biosolids Lagoon
20000427001,BS_LAGOON,Biosolids Lagoon
20000433001,LAGOON,"Lagoon, Other"
20000434001,BS_LAGOON,Biosolids Lagoon
20000435001,BS_LAGOON,Biosolids Lagoon
20000437001,BS_LAGOON,Biosolids Lagoon
20000438001,BS_LAGOON,Biosolids Lagoon
20000439001,BS_LAGOON,Biosolids Lagoon
20000440001,BS_LAGOON,Biosolids Lagoon
20000442001,BS_LAGOON,Biosolids Lagoon
20000444001,BS_LAGOON,Biosolids Lagoon
20000445001,BS_LAGOON,Biosolids Lagoon
20000446001,LAGOON,"Lagoon, Other"
20000450001,BS_LAGOON,Biosolids Lagoon
20000452001,BS_LAGOON,Biosolids Lagoon
20000454001,BS_LAGOON,Biosolids Lagoon
20000455001,BS_LAGOON,Biosolids Lagoon
20000457001,BS_LAGOON,Biosolids Lagoon
20000458001,BS_LAGOON,Biosolids Lagoon
20000461001,BS_LAGOON,Biosolids Lagoon
20000466001,BS_LAGOON,Biosolids Lagoon
20000467001,BS_LAGOON,Biosolids Lagoon
20000471001,LAGOON,"Lagoon, Other"
20000472001,BS_LAGOON,Biosolids Lagoon
20000474001,BS_LAGOON,Biosolids Lagoon
20000475001,BS_LAGOON,Biosolids Lagoon
20000476001,BS_LAGOON,Biosolids Lagoon
20000478001,BS_LAGOON,Biosolids Lagoon
20000479001,BS_LAGOON,Biosolids Lagoon
20000481001,BS_LAGOON,Biosolids Lagoon
20000484001,BS_LAGOON,Biosolids Lagoon
20000485001,BS_LAGOON,Biosolids Lagoon
20000499001,BS_LAGOON,Biosolids Lagoon
20000504001,BS_LAGOON,Biosolids Lagoon
20000505001,BS_LAGOON,Biosolids Lagoon
20000508001,BS_LAGOON,Biosolids Lagoon
20000512001,BS_LAGOON,Biosolids Lagoon
20000516001,BS_LAGOON,Biosolids Lagoon
20000530001,BS_LAGOON,Biosolids Lagoon
20000535001,BS_LAGOON,Biosolids Lagoon
20000560001,BS_LAGOON,Biosolids Lagoon
20000607001,BS_LAGOON,Biosolids Lagoon
20000609001,BS_LAGOON,Biosolids Lagoon
20000610001,BS_LAGOON,Biosolids Lagoon
20000619001,BS_LAGOON,Biosolids Lagoon
20000627001,BS_LAGOON,Biosolids Lagoon
20000630001,BS_LAGOON,Biosolids Lagoon
20000690001,BS_LAGOON,Biosolids Lagoon
20000701001,BS_LAGOON,Biosolids Lagoon
20000702001,BS_LAGOON,Biosolids Lagoon
20000703001,BS_LAGOON,Biosolids Lagoon
20000704001,BS_LAGOON,Biosolids Lagoon
20000706001,BS_LAGOON,Biosolids Lagoon
20000707001,BS_LAGOON,Biosolids Lagoon
20000709001,BS_LAGOON,Biosolids Lagoon
20000710001,BS_LAGOON,Biosolids Lagoon
20000712001,BS_LAGOON,Biosolids Lagoon
20000714001,BS_LAGOON,Biosolids Lagoon
20000718001,BS_LAGOON,Biosolids Lagoon
20000720001,BS_LAGOON,Biosolids Lagoon
20000724001,BS_LAGOON,Biosolids Lagoon
20000725001,BS_LAGOON,Biosolids Lagoon
20000726001,BS_LAGOON,Biosolids Lagoon
20000728001,BS_LAGOON,Biosolids Lagoon
20000729001,BS_LAGOON,Biosolids Lagoon
20000731001,BS_LAGOON,Biosolids Lagoon
20000733001,BS_LAGOON,Biosolids Lagoon
20000734001,BS_LAGOON,Biosolids Lagoon
20000737001,BS_LAGOON,Biosolids Lagoon
20000738001,BS_LAGOON,Biosolids Lagoon
20000739001,BS_LAGOON,Biosolids Lagoon
20000740001,BS_LAGOON,Biosolids Lagoon
20000741001,BS_LAGOON,Biosolids Lagoon
20000742001,BS_LAGOON,Biosolids Lagoon
20000743001,BS_LAGOON,Biosolids Lagoon
20000744001,BS_LAGOON,Biosolids Lagoon
20000746001,BS_LAGOON,Biosolids Lagoon
20000747001,BS_LAGOON,Biosolids Lagoon
20000748001,BS_LAGOON,Biosolids Lagoon
20000749001,BS_LAGOON,Biosolids Lagoon
20000749001,LAGOON_FAC,"Lagoon, Facultative"
20000750001,BS_LAGOON,Biosolids Lagoon
20000752001,BS_LAGOON,Biosolids Lagoon
20000752001,LAGOON_FAC,"Lagoon, Facultative"
20000754001,BS_LAGOON,Biosolids Lagoon
20000780001,BS_LAGOON,Biosolids Lagoon
20000786001,BS_LAGOON,Biosolids Lagoon
20000790001,BS_LAGOON,Biosolids Lagoon
20000802001,BS_LAGOON,Biosolids Lagoon
20000805001,BS_LAGOON,Biosolids Lagoon
20000806001,BS_LAGOON,Biosolids Lagoon
20000808001,BS_LAGOON,Biosolids Lagoon
20000818001,BS_LAGOON,Biosolids Lagoon
20000820001,BS_LAGOON,Biosolids Lagoon
20000840001,BS_LAGOON,Biosolids Lagoon
20000842001,BS_LAGOON,Biosolids Lagoon
20000845001,BS_LAGOON,Biosolids Lagoon
20000849001,BS_LAGOON,Biosolids Lagoon
20000850001,BS_LAGOON,Biosolids Lagoon
20000861001,BS_LAGOON,Biosolids Lagoon
20000901001,BS_LAGOON,Biosolids Lagoon
20000902001,BS_LAGOON,Biosolids Lagoon
20000903001,BS_LAGOON,Biosolids Lagoon
20000904001,LAGOON,"Lagoon, Other"
20000905001,BS_LAGOON,Biosolids Lagoon
20000906001,BS_LAGOON,Biosolids Lagoon
20000911001,BS_LAGOON,Biosolids Lagoon
20000914001,BS_LAGOON,Biosolids Lagoon
20000915001,BS_LAGOON,Biosolids Lagoon
20000921001,BS_LAGOON,Biosolids Lagoon
20000924001,BS_LAGOON,Biosolids Lagoon
20000929001,LAGOON,"Lagoon, Other"
20000930001,LAGOON_AER,"Lagoon, Aerated"
20000931001,BS_LAGOON,Biosolids Lagoon
20000932001,BS_LAGOON,Biosolids Lagoon
20000933001,LAGOON,"Lagoon, Other"
20000934001,BS_LAGOON,Biosolids Lagoon
20000935001,LAGOON,"Lagoon, Other"
20000936001,LAGOON,"Lagoon, Other"
20000937001,LAGOON,"Lagoon, Other"
20000938001,BS_LAGOON,Biosolids Lagoon
20000939001,BS_LAGOON,Biosolids Lagoon
20000940001,BS_LAGOON,Biosolids Lagoon
20000941001,BS_LAGOON,Biosolids Lagoon
20000944001,BS_LAGOON,Biosolids Lagoon
20000944001,LAGOON_AER,"Lagoon, Aerated"
20000945001,BS_LAGOON,Biosolids Lagoon
20000947001,BS_LAGOON,Biosolids Lagoon
20000949001,BS_LAGOON,Biosolids Lagoon
20000952001,BS_LAGOON,Biosolids Lagoon
20000955001,BS_LAGOON,Biosolids Lagoon
20000960001,BS_LAGOON,Biosolids Lagoon
20000961001,BS_LAGOON,Biosolids Lagoon
20000969001,BS_LAGOON,Biosolids Lagoon
20000975001,LAGOON,"Lagoon, Other"
20000980001,BS_LAGOON,Biosolids Lagoon
20000981001,BS_LAGOON,Biosolids Lagoon
20000982001,BS_LAGOON,Biosolids Lagoon
20000983001,BS_LAGOON,Biosolids Lagoon
20000990001,BS_LAGOON,Biosolids Lagoon
20000991001,BS_LAGOON,Biosolids Lagoon
20000994001,BS_LAGOON,Biosolids Lagoon
20000995001,BS_LAGOON,Biosolids Lagoon
20000996001,BS_LAGOON,Biosolids Lagoon
20000997001,BS_LAGOON,Biosolids Lagoon
20000998001,BS_LAGOON,Biosolids Lagoon
20001003001,BS_LAGOON,Biosolids Lagoon
20001004001,BS_LAGOON,Biosolids Lagoon
20001007001,BS_LAGOON,Biosolids Lagoon
20001009001,BS_LAGOON,Biosolids Lagoon
20001013001,BS_LAGOON,Biosolids Lagoon
20001014001,BS_LAGOON,Biosolids Lagoon
20001040001,BS_LAGOON,Biosolids Lagoon
20001101001,BS_LAGOON,Biosolids Lagoon
20001113001,BS_LAGOON,Biosolids Lagoon
20001116001,LAGOON_FAC,"Lagoon, Facultative"
20001126001,BS_LAGOON,Biosolids Lagoon
20001127001,BS_LAGOON,Biosolids Lagoon
20001128001,BS_LAGOON,Biosolids Lagoon
20001129001,BS_LAGOON,Biosolids Lagoon
20001132001,BS_LAGOON,Biosolids Lagoon
20001146001,BS_LAGOON,Biosolids Lagoon
20001150001,BS_LAGOON,Biosolids Lagoon
20001206001,BS_LAGOON,Biosolids Lagoon
20001208001,LAGOON,"Lagoon, Other"
20001209001,BS_LAGOON,Biosolids Lagoon
20001210001,BS_LAGOON,Biosolids Lagoon
20001219001,BS_LAGOON,Biosolids Lagoon
20001220001,BS_LAGOON,Biosolids Lagoon
20001226001,BS_LAGOON,Biosolids Lagoon
20001229001,BS_LAGOON,Biosolids Lagoon
20001232001,BS_LAGOON,Biosolids Lagoon
20001238001,BS_LAGOON,Biosolids Lagoon
20001247001,BS_LAGOON,Biosolids Lagoon
20001255001,BS_LAGOON,Biosolids Lagoon
20001306001,BS_LAGOON,Biosolids Lagoon
20001310001,BS_LAGOON,Biosolids Lagoon
20001317001,BS_LAGOON,Biosolids Lagoon
20001331001,BS_LAGOON,Biosolids Lagoon
20001335001,BS_LAGOON,Biosolids Lagoon
20001345001,BS_LAGOON,Biosolids Lagoon
20001401001,BS_LAGOON,Biosolids Lagoon
20001402001,BS_LAGOON,Biosolids Lagoon
20001460001,BS_LAGOON,Biosolids Lagoon
20001501001,BS_LAGOON,Biosolids Lagoon
20001503001,BS_LAGOON,Biosolids Lagoon
20001507001,BS_LAGOON,Biosolids Lagoon
20001511001,BS_LAGOON,Biosolids Lagoon
20001512001,BS_LAGOON,Biosolids Lagoon
20001513001,BS_LAGOON,Biosolids Lagoon
20001515001,BS_LAGOON,Biosolids Lagoon
20001517001,BS_LAGOON,Biosolids Lagoon
20001518001,BS_LAGOON,Biosolids Lagoon
20001518001,LAGOON_AER,"Lagoon, Aerated"
20001519001,BS_LAGOON,Biosolids Lagoon
20001521001,BS_LAGOON,Biosolids Lagoon
20001522001,BS_LAGOON,Biosolids Lagoon
20001524001,BS_LAGOON,Biosolids Lagoon
20001525001,BS_LAGOON,Biosolids Lagoon
20001527001,BS_LAGOON,Biosolids Lagoon
20001528001,BS_LAGOON,Biosolids Lagoon
20001530001,LAGOON,"Lagoon, Other"
20001534001,BS_LAGOON,Biosolids Lagoon
20001535001,BS_LAGOON,Biosolids Lagoon
20001537001,BS_LAGOON,Biosolids Lagoon
20001538001,BS_LAGOON,Biosolids Lagoon
20001539001,BS_LAGOON,Biosolids Lagoon
20001556001,BS_LAGOON,Biosolids Lagoon
20001557001,BS_LAGOON,Biosolids Lagoon
20001602001,BS_LAGOON,Biosolids Lagoon
20001604001,BS_LAGOON,Biosolids Lagoon
20001607001,BS_LAGOON,Biosolids Lagoon
20001608001,BS_LAGOON,Biosolids Lagoon
20001611001,BS_LAGOON,Biosolids Lagoon
20001616001,BS_LAGOON,Biosolids Lagoon
20001620001,BS_LAGOON,Biosolids Lagoon
20001650001,BS_LAGOON,Biosolids Lagoon
20001703001,BS_LAGOON,Biosolids Lagoon
20001707001,BS_LAGOON,Biosolids Lagoon
20001900001,BS_LAGOON,Biosolids Lagoon
20001901001,BS_LAGOON,Biosolids Lagoon
20001902001,BS_LAGOON,Biosolids Lagoon
20001903001,BS_LAGOON,Biosolids Lagoon
20001905001,BS_LAGOON,Biosolids Lagoon
20002000001,BS_LAGOON,Biosolids Lagoon
20002001001,BS_LAGOON,Biosolids Lagoon
2000500032,LAGOON,"Lagoon, Other"
20006846001,BS_LAGOON,Biosolids Lagoon
21000058001,LAGOON,"Lagoon, Other"
21000093001,LAGOON,"Lagoon, Other"
21000174001,LAGOON,"Lagoon, Other"
21000199001,LAGOON,"Lagoon, Other"
21000224001,LAGOON,"Lagoon, Other"
21000264001,LAGOON,"Lagoon, Other"
21000370001,LAGOON,"Lagoon, Other"
21000576001,LAGOON,"Lagoon, Other"
22000110001,LAGOON,"Lagoon, Other"
22000523001,LAGOON,"Lagoon, Other"
22000545001,LAGOON,"Lagoon, Other"
22000605001,LAGOON,"Lagoon, Other"
22000655001,LAGOON,"Lagoon, Other"
22000745001,LAGOON,"Lagoon, Other"
22000770001,LAGOON,"Lagoon, Other"
22000795001,LAGOON,"Lagoon, Other"
22000875001,LAGOON,"Lagoon, Other"
22001015001,LAGOON,"Lagoon, Other"
22001195001,LAGOON,"Lagoon, Other"
22001230001,LAGOON,"Lagoon, Other"
22003004001,LAGOON,"Lagoon, Other"
22003033001,LAGOON,"Lagoon, Other"
22003035001,LAGOON,"Lagoon, Other"
22003042002,LAGOON,"Lagoon, Other"
22003043002,LAGOON,"Lagoon, Other"
22003056001,LAGOON,"Lagoon, Other"
22003072002,LAGOON,"Lagoon, Other"
22003088001,LAGOON,"Lagoon, Other"
22003089001,LAGOON,"Lagoon, Other"
22003096001,LAGOON,"Lagoon, Other"
22003106001,LAGOON,"Lagoon, Other"
22003110001,LAGOON,"Lagoon, Other"
22003131002,LAGOON,"Lagoon, Other"
22003131003,LAGOON,"Lagoon, Other"
22003186001,LAGOON,"Lagoon, Other"
22003187001,LAGOON,"Lagoon, Other"
22003214001,LAGOON,"Lagoon, Other"
22003233001,LAGOON,"Lagoon, Other"
22003234001,LAGOON,"Lagoon, Other"
22003238001,LAGOON,"Lagoon, Other"
22003251001,LAGOON,"Lagoon, Other"
22003253001,LAGOON,"Lagoon, Other"
22003258001,LAGOON,"Lagoon, Other"
22003274001,LAGOON,"Lagoon, Other"
22003289002,LAGOON,"Lagoon, Other"
22003310001,LAGOON,"Lagoon, Other"
22003311001,LAGOON,"Lagoon, Other"
22003318001,LAGOON,"Lagoon, Other"
22003326001,LAGOON,"Lagoon, Other"
22003378001,LAGOON,"Lagoon, Other"
22003381001,LAGOON,"Lagoon, Other"
22003400001,LAGOON,"Lagoon, Other"
22008081001,LAGOON,"Lagoon, Other"
22009017001,LAGOON,"Lagoon, Other"
22009017002,LAGOON,"Lagoon, Other"
23000029001,LAGOON,"Lagoon, Other"
23000074001,LAGOON,"Lagoon, Other"
23000107001,LAGOON,"Lagoon, Other"
23000114001,LAGOON,"Lagoon, Other"
23000119001,LAGOON,"Lagoon, Other"
23000130001,LAGOON,"Lagoon, Other"
23000145001,LAGOON,"Lagoon, Other"
23000149001,LAGOON,"Lagoon, Other"
23000152001,LAGOON,"Lagoon, Other"
23000155001,LAGOON,"Lagoon, Other"
24000007001,LAGOON,"Lagoon, Other"
24000040001,LAGOON,"Lagoon, Other"
24000041001,LAGOON,"Lagoon, Other"
24000052002,LAGOON,"Lagoon, Other"
24000067015,LAGOON,"Lagoon, Other"
24000072001,LAGOON,"Lagoon, Other"
24000076001,LAGOON,"Lagoon, Other"
24000083001,LAGOON,"Lagoon, Other"
24000086002,LAGOON,"Lagoon, Other"
24000092001,LAGOON,"Lagoon, Other"
24000300024,LAGOON,"Lagoon, Other"
24000300079,LAGOON,"Lagoon, Other"
24000300086,LAGOON,"Lagoon, Other"
24000300093,LAGOON,"Lagoon, Other"
26000009001,LAGOON,"Lagoon, Other"
26000013001,LAGOON,"Lagoon, Other"
26000018001,LAGOON,"Lagoon, Other"
26000024001,LAGOON,"Lagoon, Other"
26000039001,LAGOON,"Lagoon, Other"
26000041001,LAGOON,"Lagoon, Other"
26000043001,LAGOON,"Lagoon, Other"
26000045001,LAGOON,"Lagoon, Other"
26000075001,LAGOON,"Lagoon, Other"
26000079001,LAGOON,"Lagoon, Other"
26000130001,LAGOON,"Lagoon, Other"
26000131001,LAGOON,"Lagoon, Other"
26000132001,LAGOON,"Lagoon, Other"
26000152001,LAGOON,"Lagoon, Other"
26000157001,LAGOON,"Lagoon, Other"
26000158001,LAGOON,"Lagoon, Other"
26000159001,LAGOON,"Lagoon, Other"
26000164001,LAGOON,"Lagoon, Other"
26000166001,LAGOON,"Lagoon, Other"
26000167001,LAGOON,"Lagoon, Other"
26000168001,LAGOON,"Lagoon, Other"
26000170001,LAGOON,"Lagoon, Other"
26000173001,LAGOON,"Lagoon, Other"
26000220001,LAGOON,"Lagoon, Other"
26000235001,LAGOON,"Lagoon, Other"
26000252001,LAGOON,"Lagoon, Other"
26000259001,LAGOON,"Lagoon, Other"
26000260001,LAGOON,"Lagoon, Other"
26000263001,LAGOON,"Lagoon, Other"
26000359007,LAGOON,"Lagoon, Other"
26000436001,LAGOON,"Lagoon, Other"
26000440001,LAGOON,"Lagoon, Other"
26000441002,LAGOON,"Lagoon, Other"
26000449001,LAGOON,"Lagoon, Other"
26000453001,LAGOON,"Lagoon, Other"
26000455001,LAGOON,"Lagoon, Other"
26000461001,LAGOON,"Lagoon, Other"
26000464001,LAGOON,"Lagoon, Other"
26000474001,LAGOON,"Lagoon, Other"
26000477001,LAGOON,"Lagoon, Other"
26000478001,LAGOON,"Lagoon, Other"
26000479001,LAGOON,"Lagoon, Other"
26000480001,LAGOON,"Lagoon, Other"
26000481001,LAGOON,"Lagoon, Other"
26000482001,LAGOON,"Lagoon, Other"
26000484001,LAGOON,"Lagoon, Other"
26000485001,LAGOON,"Lagoon, Other"
26000487001,LAGOON,"Lagoon, Other"
26000489001,LAGOON,"Lagoon, Other"
26000490001,LAGOON,"Lagoon, Other"
26000491001,LAGOON,"Lagoon, Other"
26000514001,LAGOON,"Lagoon, Other"
26000902001,LAGOON,"Lagoon, Other"
26000918001,LAGOON,"Lagoon, Other"
26000923001,LAGOON,"Lagoon, Other"
26000927001,LAGOON,"Lagoon, Other"
26001105001,LAGOON,"Lagoon, Other"
26001120001,LAGOON,"Lagoon, Other"
26001123001,LAGOON,"Lagoon, Other"
26002042001,LAGOON,"Lagoon, Other"
26002058001,LAGOON,"Lagoon, Other"
26002063001,LAGOON,"Lagoon, Other"
26002076001,LAGOON,"Lagoon, Other"
26002080001,LAGOON,"Lagoon, Other"
26002089001,LAGOON,"Lagoon, Other"
26002101001,LAGOON,"Lagoon, Other"
26002116001,LAGOON,"Lagoon, Other"
26002117001,LAGOON,"Lagoon, Other"
26002118001,LAGOON,"Lagoon, Other"
26002119001,LAGOON,"Lagoon, Other"
26002120001,LAGOON,"Lagoon, Other"
26002123001,LAGOON,"Lagoon, Other"
26002151001,LAGOON,"Lagoon, Other"
26002153001,LAGOON,"Lagoon, Other"
26002158001,LAGOON,"Lagoon, Other"
26002175001,LAGOON,"Lagoon, Other"
26002179001,LAGOON,"Lagoon, Other"
26003013001,LAGOON,"Lagoon, Other"
26003014001,LAGOON,"Lagoon, Other"
26003018001,LAGOON,"Lagoon, Other"
26003023001,LAGOON,"Lagoon, Other"
26003024001,LAGOON,"Lagoon, Other"
26003029001,LAGOON,"Lagoon, Other"
26003031001,LAGOON,"Lagoon, Other"
26003036001,LAGOON,"Lagoon, Other"
26003038001,LAGOON,"Lagoon, Other"
26003047001,LAGOON,"Lagoon, Other"
26003050001,LAGOON,"Lagoon, Other"
26003051001,LAGOON,"Lagoon, Other"
26003056001,LAGOON,"Lagoon, Other"
26003072001,LAGOON,"Lagoon, Other"
26003084001,LAGOON,"Lagoon, Other"
26003096001,LAGOON,"Lagoon, Other"
26003097001,LAGOON,"Lagoon, Other"
26003098001,LAGOON,"Lagoon, Other"
26003099001,LAGOON,"Lagoon, Other"
26003110001,LAGOON,"Lagoon, Other"
26003114001,LAGOON,"Lagoon, Other"
26003122001,LAGOON,"Lagoon, Other"
26003127001,LAGOON,"Lagoon, Other"
26003128001,LAGOON,"Lagoon, Other"
26003129001,LAGOON,"Lagoon, Other"
26003130001,LAGOON,"Lagoon, Other"
26003131001,LAGOON,"Lagoon, Other"
26003132001,LAGOON,"Lagoon, Other"
26003133001,LAGOON,"Lagoon, Other"
26003134001,LAGOON,"Lagoon, Other"
26003140001,LAGOON,"Lagoon, Other"
26003141001,LAGOON,"Lagoon, Other"
26003142001,LAGOON,"Lagoon, Other"
26003143001,LAGOON,"Lagoon, Other"
26003160001,LAGOON,"Lagoon, Other"
26003161001,LAGOON,"Lagoon, Other"
26003162001,LAGOON,"Lagoon, Other"
26003163001,LAGOON,"Lagoon, Other"
26003172001,LAGOON,"Lagoon, Other"
26003228001,LAGOON,"Lagoon, Other"
26003229001,LAGOON,"Lagoon, Other"
26003229002,LAGOON,"Lagoon, Other"
26004011001,LAGOON,"Lagoon, Other"
26004016001,LAGOON,"Lagoon, Other"
26004020001,LAGOON,"Lagoon, Other"
26004030001,LAGOON,"Lagoon, Other"
26004032001,LAGOON,"Lagoon, Other"
26004032010,LAGOON,"Lagoon, Other"
26004034001,LAGOON,"Lagoon, Other"
26009002001,LAGOON,"Lagoon, Other"
27000144001,LAGOON,"Lagoon, Other"
27000145001,LAGOON,"Lagoon, Other"
27000146001,LAGOON,"Lagoon, Other"
27000148001,LAGOON,"Lagoon, Other"
27000164001,LAGOON,"Lagoon, Other"
27000167001,LAGOON,"Lagoon, Other"
27000186001,LAGOON,"Lagoon, Other"
27000202001,LAGOON,"Lagoon, Other"
27000208001,LAGOON,"Lagoon, Other"
27000221001,LAGOON,"Lagoon, Other"
27000224001,LAGOON,"Lagoon, Other"
27000233001,LAGOON,"Lagoon, Other"
27000243001,LAGOON,"Lagoon, Other"
27000247001,LAGOON,"Lagoon, Other"
27000289001,LAGOON,"Lagoon, Other"
27000330001,LAGOON,"Lagoon, Other"
27000356001,LAGOON,"Lagoon, Other"
27000359001,LAGOON,"Lagoon, Other"
27001106001,LAGOON,"Lagoon, Other"
27001119001,LAGOON,"Lagoon, Other"
27001407001,LAGOON,"Lagoon, Other"
27001409001,LAGOON,"Lagoon, Other"
27001607001,LAGOON,"Lagoon, Other"
27001611001,LAGOON,"Lagoon, Other"
27001708001,LAGOON,"Lagoon, Other"
27002201001,LAGOON,"Lagoon, Other"
27002202001,LAGOON,"Lagoon, Other"
27002602001,LAGOON,"Lagoon, Other"
27003405001,LAGOON,"Lagoon, Other"
27003516001,LAGOON,"Lagoon, Other"
27003605001,LAGOON,"Lagoon, Other"
27003904001,LAGOON,"Lagoon, Other"
27005016001,LAGOON,"Lagoon, Other"
27005315001,LAGOON,"Lagoon, Other"
27006114001,LAGOON,"Lagoon, Other"
27007106001,LAGOON,"Lagoon, Other"
27007217001,LAGOON,"Lagoon, Other"
27007412001,LAGOON,"Lagoon, Other"
27008905001,LAGOON,"Lagoon, Other"
27009203001,LAGOON,"Lagoon, Other"
27009210001,LAGOON,"Lagoon, Other"
27009212001,LAGOON,"Lagoon, Other"
27009213001,LAGOON,"Lagoon, Other"
27009223001,LAGOON,"Lagoon, Other"
27009225001,LAGOON,"Lagoon, Other"
27009502001,LAGOON,"Lagoon, Other"
27009807001,LAGOON,"Lagoon, Other"
27009906001,LAGOON,"Lagoon, Other"
28000040001,LAGOON,"Lagoon, Other"
28000200001,LAGOON_AER,"Lagoon, Aerated"
28000240004,LAGOON,"Lagoon, Other"
28000255001,LAGOON_AER,"Lagoon, Aerated"
28000260001,LAGOON,"Lagoon, Other"
28000345001,LAGOON,"Lagoon, Other"
28000415001,LAGOON,"Lagoon, Other"
28000420001,LAGOON,"Lagoon, Other"
28000490001,LAGOON,"Lagoon, Other"
28000520001,LAGOON,"Lagoon, Other"
28000535001,LAGOON,"Lagoon, Other"
28000535002,LAGOON,"Lagoon, Other"
28000540005,LAGOON,"Lagoon, Other"
28000605001,LAGOON,"Lagoon, Other"
28000610001,LAGOON,"Lagoon, Other"
28000660001,LAGOON,"Lagoon, Other"
28000680001,LAGOON,"Lagoon, Other"
28000685001,LAGOON,"Lagoon, Other"
28000710001,LAGOON,"Lagoon, Other"
28000720001,LAGOON,"Lagoon, Other"
28000785001,LAGOON,"Lagoon, Other"
28000795001,LAGOON,"Lagoon, Other"
28000840001,LAGOON,"Lagoon, Other"
28000855001,LAGOON,"Lagoon, Other"
28000880001,LAGOON,"Lagoon, Other"
28001025001,LAGOON,"Lagoon, Other"
28001070001,LAGOON,"Lagoon, Other"
28001095001,LAGOON,"Lagoon, Other"
28001185001,LAGOON_AER,"Lagoon, Aerated"
28001190001,LAGOON,"Lagoon, Other"
28001205001,LAGOON,"Lagoon, Other"
28001255001,LAGOON,"Lagoon, Other"
28001265001,LAGOON,"Lagoon, Other"
28001280001,LAGOON,"Lagoon, Other"
28001305001,LAGOON,"Lagoon, Other"
28001310001,LAGOON,"Lagoon, Other"
28001342001,LAGOON,"Lagoon, Other"
28001355001,LAGOON,"Lagoon, Other"
28001400001,LAGOON,"Lagoon, Other"
28001475001,LAGOON,"Lagoon, Other"
28001503001,LAGOON,"Lagoon, Other"
29001034001,LAGOON,"Lagoon, Other"
29001038001,LAGOON,"Lagoon, Other"
29001051001,LAGOON,"Lagoon, Other"
29001069001,LAGOON,"Lagoon, Other"
29001082001,LAGOON_AER,"Lagoon, Aerated"
29001108001,LAGOON,"Lagoon, Other"
29001228001,LAGOON,"Lagoon, Other"
29001237037,LAGOON,"Lagoon, Other"
29002011001,LAGOON,"Lagoon, Other"
29002057001,LAGOON,"Lagoon, Other"
29002194001,LAGOON,"Lagoon, Other"
29002214003,LAGOON,"Lagoon, Other"
29002214009,LAGOON,"Lagoon, Other"
29002234001,STBL_POND,"Pond, Stabilization"
29002257001,LAGOON,"Lagoon, Other"
29002281001,LAGOON,"Lagoon, Other"
29002297001,LAGOON,"Lagoon, Other"
29002341001,LAGOON,"Lagoon, Other"
29002371001,LAGOON,"Lagoon, Other"
29002378001,LAGOON,"Lagoon, Other"
29002414001,LAGOON,"Lagoon, Other"
29002418002,LAGOON,"Lagoon, Other"
29002421001,LAGOON,"Lagoon, Other"
29002461001,LAGOON,"Lagoon, Other"
29002801005,LAGOON,"Lagoon, Other"
29003089001,STBL_POND,"Pond, Stabilization"
29003122001,LAGOON,"Lagoon, Other"
29003247001,LAGOON,"Lagoon, Other"
29003392001,LAGOON,"Lagoon, Other"
29003436001,LAGOON_AER,"Lagoon, Aerated"
29003781001,LAGOON,"Lagoon, Other"
29003781002,LAGOON,"Lagoon, Other"
29003859003,LAGOON,"Lagoon, Other"
29004044001,LAGOON,"Lagoon, Other"
29004046001,LAGOON,"Lagoon, Other"
29004078001,LAGOON,"Lagoon, Other"
29004116001,LAGOON,"Lagoon, Other"
29004137001,LAGOON,"Lagoon, Other"
30000009001,LAGOON,"Lagoon, Other"
30000010001,LAGOON,"Lagoon, Other"
30000011001,LAGOON,"Lagoon, Other"
30000014001,LAGOON,"Lagoon, Other"
30000016001,LAGOON,"Lagoon, Other"
30000017001,LAGOON,"Lagoon, Other"
30000025001,LAGOON,"Lagoon, Other"
30000026001,LAGOON,"Lagoon, Other"
30000028001,LAGOON,"Lagoon, Other"
30000036001,LAGOON,"Lagoon, Other"
30000073001,LAGOON,"Lagoon, Other"
30000079001,LAGOON,"Lagoon, Other"
30000081001,LAGOON,"Lagoon, Other"
30000085001,LAGOON,"Lagoon, Other"
30000109001,LAGOON,"Lagoon, Other"
30000111001,LAGOON_AER,"Lagoon, Aerated"
30000112001,LAGOON,"Lagoon, Other"
30000119001,LAGOON,"Lagoon, Other"
30000126001,LAGOON,"Lagoon, Other"
30000130001,LAGOON,"Lagoon, Other"
30000132001,LAGOON,"Lagoon, Other"
30000144001,LAGOON_AER,"Lagoon, Aerated"
30000147001,LAGOON,"Lagoon, Other"
30000152001,LAGOON,"Lagoon, Other"
30000154001,LAGOON,"Lagoon, Other"
30000182001,LAGOON,"Lagoon, Other"
30300245001,LAGOON,"Lagoon, Other"
30300251001,LAGOON,"Lagoon, Other"
31000030001,LAGOON,"Lagoon, Other"
31000035001,LAGOON,"Lagoon, Other"
31000085001,LAGOON,"Lagoon, Other"
31000127001,LAGOON,"Lagoon, Other"
31000129001,LAGOON,"Lagoon, Other"
31000150001,LAGOON,"Lagoon, Other"
31000185001,LAGOON,"Lagoon, Other"
31000196001,LAGOON,"Lagoon, Other"
31000197001,LAGOON,"Lagoon, Other"
31000200001,LAGOON,"Lagoon, Other"
31000204001,LAGOON,"Lagoon, Other"
31000210001,LAGOON,"Lagoon, Other"
31000225001,LAGOON,"Lagoon, Other"
31000235001,LAGOON,"Lagoon, Other"
31000245001,LAGOON,"Lagoon, Other"
31000250001,LAGOON,"Lagoon, Other"
31000315001,LAGOON,"Lagoon, Other"
31000370001,LAGOON,"Lagoon, Other"
31000385001,LAGOON,"Lagoon, Other"
31000388001,LAGOON,"Lagoon, Other"
31000389001,LAGOON,"Lagoon, Other"
31000431001,LAGOON,"Lagoon, Other"
31000434001,LAGOON,"Lagoon, Other"
31000485001,LAGOON,"Lagoon, Other"
31000632001,LAGOON,"Lagoon, Other"
31000665001,LAGOON,"Lagoon, Other"
31000680001,LAGOON,"Lagoon, Other"
31000685001,LAGOON,"Lagoon, Other"
31000705001,LAGOON,"Lagoon, Other"
31000710001,LAGOON,"Lagoon, Other"
31000730001,LAGOON,"Lagoon, Other"
31000750001,LAGOON,"Lagoon, Other"
31000755001,LAGOON,"Lagoon, Other"
31000785001,LAGOON,"Lagoon, Other"
31000900001,LAGOON,"Lagoon, Other"
31000912001,LAGOON,"Lagoon, Other"
31000925001,LAGOON,"Lagoon, Other"
31000952001,LAGOON,"Lagoon, Other"
31000960001,LAGOON,"Lagoon, Other"
31001046001,LAGOON,"Lagoon, Other"
31001047001,LAGOON,"Lagoon, Other"
31001100001,LAGOON,"Lagoon, Other"
31001230001,LAGOON,"Lagoon, Other"
31001252001,LAGOON,"Lagoon, Other"
31001255001,LAGOON,"Lagoon, Other"
31001275001,LAGOON,"Lagoon, Other"
31001278001,LAGOON,"Lagoon, Other"
31001325001,LAGOON,"Lagoon, Other"
31001352001,LAGOON,"Lagoon, Other"
31001356001,LAGOON,"Lagoon, Other"
31001462001,LAGOON,"Lagoon, Other"
31001463001,LAGOON,"Lagoon, Other"
31001465001,LAGOON,"Lagoon, Other"
31001466001,LAGOON,"Lagoon, Other"
31001470001,LAGOON,"Lagoon, Other"
31001490001,LAGOON,"Lagoon, Other"
31001542001,LAGOON,"Lagoon, Other"
31001630001,LAGOON,"Lagoon, Other"
31001631001,LAGOON,"Lagoon, Other"
31001633001,LAGOON,"Lagoon, Other"
31001640001,LAGOON,"Lagoon, Other"
31001703001,LAGOON,"Lagoon, Other"
31001745001,LAGOON,"Lagoon, Other"
31001785001,LAGOON,"Lagoon, Other"
31001845001,LAGOON,"Lagoon, Other"
31001860001,LAGOON,"Lagoon, Other"
31001870001,LAGOON,"Lagoon, Other"
31001885001,LAGOON,"Lagoon, Other"
31001894001,LAGOON,"Lagoon, Other"
31001910001,LAGOON,"Lagoon, Other"
31001960001,LAGOON,"Lagoon, Other"
31001965001,LAGOON,"Lagoon, Other"
31001970001,LAGOON,"Lagoon, Other"
31001975001,LAGOON,"Lagoon, Other"
31001995001,LAGOON,"Lagoon, Other"
31002030001,LAGOON,"Lagoon, Other"
31002038001,LAGOON,"Lagoon, Other"
31002039001,LAGOON,"Lagoon, Other"
31002080001,LAGOON,"Lagoon, Other"
31002085001,LAGOON,"Lagoon, Other"
31002145001,LAGOON,"Lagoon, Other"
31002175001,LAGOON,"Lagoon, Other"
31002180001,LAGOON,"Lagoon, Other"
31002218001,LAGOON,"Lagoon, Other"
31002235001,LAGOON,"Lagoon, Other"
31002300001,LAGOON,"Lagoon, Other"
31002320001,LAGOON,"Lagoon, Other"
31002345001,LAGOON,"Lagoon, Other"
31002415001,LAGOON,"Lagoon, Other"
31002420001,LAGOON,"Lagoon, Other"
31002446001,LAGOON,"Lagoon, Other"
31002490001,LAGOON,"Lagoon, Other"
31002545001,LAGOON,"Lagoon, Other"
31002575001,LAGOON,"Lagoon, Other"
31002655001,LAGOON,"Lagoon, Other"
31003010001,LAGOON,"Lagoon, Other"
31003011001,LAGOON,"Lagoon, Other"
33000022001,LAGOON_AER,"Lagoon, Aerated"
33000027001,LAGOON_AER,"Lagoon, Aerated"
33000049001,LAGOON_AER,"Lagoon, Aerated"
33000075001,LAGOON,"Lagoon, Other"
33000091001,LAGOON_AER,"Lagoon, Aerated"
33000151001,LAGOON_AER,"Lagoon, Aerated"
35000049001,LAGOON,"Lagoon, Other"
35000057001,LAGOON,"Lagoon, Other"
35201200002,LAGOON,"Lagoon, Other"
35201200026,LAGOON,"Lagoon, Other"
36005001001,LAGOON,"Lagoon, Other"
36005008001,LAGOON,"Lagoon, Other"
36005012001,LAGOON,"Lagoon, Other"
36005049001,LAGOON,"Lagoon, Other"
36006043005,LAGOON,"Lagoon, Other"
36006052001,LAGOON,"Lagoon, Other"
36006101001,LAGOON,"Lagoon, Other"
36006103001,LAGOON,"Lagoon, Other"
36008064001,LAGOON,"Lagoon, Other"
37000703001,LAGOON,"Lagoon, Other"
37000903001,LAGOON,"Lagoon, Other"
37000908001,LAGOON,"Lagoon, Other"
37006504001,LAGOON,"Lagoon, Other"
37006606001,LAGOON,"Lagoon, Other"
37007813001,LAGOON,"Lagoon, Other"
37008204001,LAGOON,"Lagoon, Other"
37008504001,LAGOON,"Lagoon, Other"
38000009001,LAGOON_AER,"Lagoon, Aerated"
38000011001,LAGOON_AER,"Lagoon, Aerated"
38000011001,LAGOON_POL,"Lagoon, Polishing"
38000013001,LAGOON,"Lagoon, Other"
38000016001,LAGOON,"Lagoon, Other"
38000017001,LAGOON_AER,"Lagoon, Aerated"
38000025001,LAGOON,"Lagoon, Other"
38000030001,LAGOON_AER,"Lagoon, Aerated"
38000031001,LAGOON,"Lagoon, Other"
38000034001,LAGOON_AER,"Lagoon, Aerated"
38000036001,LAGOON_AER,"Lagoon, Aerated"
38000037001,LAGOON_AER,"Lagoon, Aerated"
38000038001,LAGOON,"Lagoon, Other"
38000042001,LAGOON_AER,"Lagoon, Aerated"
38000047001,LAGOON_AER,"Lagoon, Aerated"
38000048001,LAGOON,"Lagoon, Other"
38000051001,LAGOON_AER,"Lagoon, Aerated"
38000055001,LAGOON_AER,"Lagoon, Aerated"
38000056001,LAGOON,"Lagoon, Other"
38000059001,LAGOON_AER,"Lagoon, Aerated"
38000061001,LAGOON,"Lagoon, Other"
38000087001,LAGOON_AER,"Lagoon, Aerated"
38000098001,LAGOON_AER,"Lagoon, Aerated"
38000099001,LAGOON,"Lagoon, Other"
38000101001,LAGOON_AER,"Lagoon, Aerated"
38000102001,LAGOON,"Lagoon, Other"
38000105001,LAGOON,"Lagoon, Other"
38000109001,LAGOON,"Lagoon, Other"
38000113001,LAGOON_AER,"Lagoon, Aerated"
38000121001,LAGOON_AER,"Lagoon, Aerated"
38000123001,LAGOON_AER,"Lagoon, Aerated"
38000124001,LAGOON_AER,"Lagoon, Aerated"
38000135001,LAGOON_AER,"Lagoon, Aerated"
38000136001,LAGOON,"Lagoon, Other"
38000137001,LAGOON_AER,"Lagoon, Aerated"
38000142001,LAGOON_AER,"Lagoon, Aerated"
38000145001,LAGOON_AER,"Lagoon, Aerated"
38000146001,LAGOON,"Lagoon, Other"
38000147001,LAGOON,"Lagoon, Other"
38000149001,LAGOON,"Lagoon, Other"
38000156001,LAGOON,"Lagoon, Other"
38000157001,LAGOON_AER,"Lagoon, Aerated"
38000158001,LAGOON,"Lagoon, Other"
38000158001,LAGOON_AER,"Lagoon, Aerated"
38000160001,LAGOON,"Lagoon, Other"
38000165001,LAGOON_AER,"Lagoon, Aerated"
38000167001,LAGOON_AER,"Lagoon, Aerated"
38000171001,LAGOON,"Lagoon, Other"
38000173001,LAGOON,"Lagoon, Other"
38000184001,LAGOON,"Lagoon, Other"
38000187001,LAGOON_AER,"Lagoon, Aerated"
38000188001,LAGOON_AER,"Lagoon, Aerated"
38000190001,LAGOON_AER,"Lagoon, Aerated"
38000191001,LAGOON,"Lagoon, Other"
38000194001,LAGOON,"Lagoon, Other"
38000196001,LAGOON_AER,"Lagoon, Aerated"
38000197001,LAGOON_AER,"Lagoon, Aerated"
38000202001,LAGOON_AER,"Lagoon, Aerated"
38000206001,LAGOON_AER,"Lagoon, Aerated"
38000212001,LAGOON_AER,"Lagoon, Aerated"
38000221001,LAGOON_AER,"Lagoon, Aerated"
38000225001,LAGOON,"Lagoon, Other"
38000229001,LAGOON_AER,"Lagoon, Aerated"
38000237001,LAGOON,"Lagoon, Other"
38000239001,LAGOON,"Lagoon, Other"
38000244001,LAGOON,"Lagoon, Other"
38000248001,LAGOON,"Lagoon, Other"
38000254001,LAGOON_AER,"Lagoon, Aerated"
38000258001,LAGOON,"Lagoon, Other"
38000264001,LAGOON_AER,"Lagoon, Aerated"
38000271001,LAGOON_AER,"Lagoon, Aerated"
38000272001,LAGOON,"Lagoon, Other"
38000273001,LAGOON,"Lagoon, Other"
38000276001,LAGOON_AER,"Lagoon, Aerated"
38000288001,LAGOON,"Lagoon, Other"
38000291001,LAGOON,"Lagoon, Other"
38000294001,LAGOON,"Lagoon, Other"
38000298001,LAGOON_AER,"Lagoon, Aerated"
38000303001,LAGOON,"Lagoon, Other"
38000306001,LAGOON_AER,"Lagoon, Aerated"
38000321001,LAGOON,"Lagoon, Other"
38000323001,LAGOON_AER,"Lagoon, Aerated"
38000330001,LAGOON_AER,"Lagoon, Aerated"
38000333001,LAGOON,"Lagoon, Other"
38000342001,LAGOON_AER,"Lagoon, Aerated"
38000351001,LAGOON_AER,"Lagoon, Aerated"
38000357001,LAGOON,"Lagoon, Other"
38000361001,LAGOON_AER,"Lagoon, Aerated"
38000367001,LAGOON,"Lagoon, Other"
38000368001,LAGOON,"Lagoon, Other"
38000400001,LAGOON,"Lagoon, Other"
38000401001,LAGOON,"Lagoon, Other"
39000012001,LAGOON,"Lagoon, Other"
39000020001,LAGOON,"Lagoon, Other"
39000024001,LAGOON,"Lagoon, Other"
39000041001,LAGOON,"Lagoon, Other"
39000044002,LAGOON,"Lagoon, Other"
39000047001,LAGOON,"Lagoon, Other"
39000054001,LAGOON,"Lagoon, Other"
39000059004,LAGOON,"Lagoon, Other"
39000077001,LAGOON,"Lagoon, Other"
39000112001,LAGOON,"Lagoon, Other"
39000154001,LAGOON,"Lagoon, Other"
39000217001,LAGOON,"Lagoon, Other"
39000224001,LAGOON,"Lagoon, Other"
39000237001,LAGOON,"Lagoon, Other"
39000258001,LAGOON,"Lagoon, Other"
39000260001,LAGOON,"Lagoon, Other"
39000261001,LAGOON,"Lagoon, Other"
39000264001,LAGOON,"Lagoon, Other"
39000266001,LAGOON,"Lagoon, Other"
39000268001,LAGOON,"Lagoon, Other"
39000277001,LAGOON,"Lagoon, Other"
39000278002,LAGOON,"Lagoon, Other"
39000286001,LAGOON,"Lagoon, Other"
39000289001,LAGOON,"Lagoon, Other"
39000290001,LAGOON,"Lagoon, Other"
39000291001,LAGOON,"Lagoon, Other"
39000293001,LAGOON,"Lagoon, Other"
39000296001,LAGOON,"Lagoon, Other"
39000298001,LAGOON,"Lagoon, Other"
39000312001,LAGOON,"Lagoon, Other"
39000322001,LAGOON,"Lagoon, Other"
39000324001,LAGOON,"Lagoon, Other"
39000326001,LAGOON,"Lagoon, Other"
39000327001,LAGOON,"Lagoon, Other"
39000328001,LAGOON,"Lagoon, Other"
39000333001,LAGOON,"Lagoon, Other"
39000338001,LAGOON,"Lagoon, Other"
39000343001,LAGOON,"Lagoon, Other"
39000351003,LAGOON,"Lagoon, Other"
39000353001,LAGOON,"Lagoon, Other"
39000354001,LAGOON,"Lagoon, Other"
39000359001,LAGOON,"Lagoon, Other"
39000368001,LAGOON,"Lagoon, Other"
39000381001,LAGOON,"Lagoon, Other"
39000385001,LAGOON,"Lagoon, Other"
39000387001,LAGOON,"Lagoon, Other"
39000388001,LAGOON,"Lagoon, Other"
39000391001,LAGOON,"Lagoon, Other"
39000394001,LAGOON,"Lagoon, Other"
39000395001,LAGOON,"Lagoon, Other"
39000567001,LAGOON,"Lagoon, Other"
39000980001,LAGOON,"Lagoon, Other"
39001421001,LAGOON,"Lagoon, Other"
39001869001,LAGOON,"Lagoon, Other"
39002044001,LAGOON,"Lagoon, Other"
39002338001,LAGOON,"Lagoon, Other"
39002370002,LAGOON,"Lagoon, Other"
39002457001,LAGOON,"Lagoon, Other"
39002667001,LAGOON,"Lagoon, Other"
39002775001,LAGOON,"Lagoon, Other"
39002892001,LAGOON,"Lagoon, Other"
39003200001,LAGOON,"Lagoon, Other"
39003472001,LAGOON,"Lagoon, Other"
39003626001,LAGOON,"Lagoon, Other"
39003908001,LAGOON,"Lagoon, Other"
39004660001,LAGOON,"Lagoon, Other"
39004697001,LAGOON,"Lagoon, Other"
39004711001,LAGOON,"Lagoon, Other"
39004809001,LAGOON,"Lagoon, Other"
39004823001,LAGOON,"Lagoon, Other"
39005089001,LAGOON,"Lagoon, Other"
39005131001,LAGOON,"Lagoon, Other"
39005575001,LAGOON,"Lagoon, Other"
39005803001,LAGOON,"Lagoon, Other"
39006104001,LAGOON,"Lagoon, Other"
39006412001,LAGOON,"Lagoon, Other"
39006461001,LAGOON,"Lagoon, Other"
39006510001,LAGOON,"Lagoon, Other"
39006699001,LAGOON,"Lagoon, Other"
39007210001,LAGOON,"Lagoon, Other"
39007290001,LAGOON,"Lagoon, Other"
39007343001,LAGOON,"Lagoon, Other"
39007479006,LAGOON,"Lagoon, Other"
39007693001,LAGOON,"Lagoon, Other"
39008225001,LAGOON,"Lagoon, Other"
39008582001,LAGOON,"Lagoon, Other"
39008722001,LAGOON,"Lagoon, Other"
39008955001,LAGOON,"Lagoon, Other"
39009086001,LAGOON,"Lagoon, Other"
39009600002,LAGOON,"Lagoon, Other"
39009630006,LAGOON,"Lagoon, Other"
39010051101,LAGOON,"Lagoon, Other"
40000020001,LAGOON,"Lagoon, Other"
40000029001,LAGOON,"Lagoon, Other"
40000038001,LAGOON,"Lagoon, Other"
40000041001,LAGOON,"Lagoon, Other"
40000051002,LAGOON,"Lagoon, Other"
40000065001,LAGOON,"Lagoon, Other"
40000067001,LAGOON,"Lagoon, Other"
40000074001,LAGOON,"Lagoon, Other"
40000077001,LAGOON,"Lagoon, Other"
40000079001,LAGOON,"Lagoon, Other"
40000080001,LAGOON,"Lagoon, Other"
40000172001,LAGOON,"Lagoon, Other"
40000174001,LAGOON,"Lagoon, Other"
40000175001,LAGOON,"Lagoon, Other"
40000180002,LAGOON,"Lagoon, Other"
40000188001,LAGOON,"Lagoon, Other"
40000193001,LAGOON,"Lagoon, Other"
40000195001,LAGOON,"Lagoon, Other"
40000196001,LAGOON,"Lagoon, Other"
40000198001,LAGOON,"Lagoon, Other"
40000203001,LAGOON,"Lagoon, Other"
40000302001,LAGOON,"Lagoon, Other"
40000303001,LAGOON,"Lagoon, Other"
40000325001,LAGOON,"Lagoon, Other"
40000336001,LAGOON,"Lagoon, Other"
40000378001,LAGOON,"Lagoon, Other"
40000394001,LAGOON,"Lagoon, Other"
40000405001,LAGOON,"Lagoon, Other"
40000416001,LAGOON,"Lagoon, Other"
40000456001,LAGOON,"Lagoon, Other"
40000467001,LAGOON,"Lagoon, Other"
40000476001,LAGOON,"Lagoon, Other"
40000483001,LAGOON,"Lagoon, Other"
40000492001,LAGOON,"Lagoon, Other"
40000495001,LAGOON,"Lagoon, Other"
40000499001,LAGOON,"Lagoon, Other"
40000501001,LAGOON,"Lagoon, Other"
40000575001,LAGOON,"Lagoon, Other"
40000579001,LAGOON,"Lagoon, Other"
40000609001,LAGOON,"Lagoon, Other"
40000610001,LAGOON,"Lagoon, Other"
40000625001,LAGOON,"Lagoon, Other"
40000630001,LAGOON,"Lagoon, Other"
40000637001,LAGOON_AER,"Lagoon, Aerated"
40000638001,LAGOON,"Lagoon, Other"
40000655001,LAGOON,"Lagoon, Other"
40000684001,LAGOON,"Lagoon, Other"
40000715001,LAGOON,"Lagoon, Other"
40000728001,LAGOON,"Lagoon, Other"
40000733001,LAGOON,"Lagoon, Other"
40000738001,LAGOON,"Lagoon, Other"
40000752001,LAGOON,"Lagoon, Other"
40000764001,LAGOON,"Lagoon, Other"
40000766001,LAGOON,"Lagoon, Other"
40000806001,LAGOON,"Lagoon, Other"
4002112001,LAGOON,"Lagoon, Other"
41000008001,LAGOON,"Lagoon, Other"
41000025001,LAGOON,"Lagoon, Other"
41000039001,LAGOON,"Lagoon, Other"
41000043001,LAGOON,"Lagoon, Other"
41000047001,LAGOON,"Lagoon, Other"
41000050111,LAGOON,"Lagoon, Other"
41000052001,LAGOON,"Lagoon, Other"
41000067001,LAGOON,"Lagoon, Other"
41000070001,LAGOON,"Lagoon, Other"
41000079001,LAGOON,"Lagoon, Other"
41000084001,LAGOON,"Lagoon, Other"
41000085001,LAGOON,"Lagoon, Other"
41000087001,LAGOON,"Lagoon, Other"
41000093001,LAGOON,"Lagoon, Other"
41000094002,LAGOON,"Lagoon, Other"
41000100002,LAGOON,"Lagoon, Other"
41000103001,LAGOON,"Lagoon, Other"
41000121001,LAGOON,"Lagoon, Other"
41000122001,LAGOON,"Lagoon, Other"
41000129001,LAGOON,"Lagoon, Other"
41000133001,LAGOON,"Lagoon, Other"
41000134001,LAGOON,"Lagoon, Other"
41000150001,LAGOON,"Lagoon, Other"
41000157001,LAGOON,"Lagoon, Other"
41000161001,LAGOON,"Lagoon, Other"
41000168001,LAGOON,"Lagoon, Other"
41000182001,LAGOON,"Lagoon, Other"
41000210001,LAGOON,"Lagoon, Other"
41000214001,LAGOON,"Lagoon, Other"
41000218001,LAGOON,"Lagoon, Other"
41000220001,LAGOON,"Lagoon, Other"
41000221001,LAGOON,"Lagoon, Other"
41000231001,LAGOON,"Lagoon, Other"
41000232011,LAGOON,"Lagoon, Other"
41000256001,LAGOON,"Lagoon, Other"
41000258001,LAGOON,"Lagoon, Other"
41000272001,LAGOON,"Lagoon, Other"
41000282001,LAGOON,"Lagoon, Other"
41000286001,LAGOON,"Lagoon, Other"
41000304001,LAGOON,"Lagoon, Other"
41000310001,LAGOON,"Lagoon, Other"
41000560001,LAGOON,"Lagoon, Other"
42002013001,LAGOON,"Lagoon, Other"
42002214001,LAGOON,"Lagoon, Other"
42004025001,LAGOON,"Lagoon, Other"
42004189001,LAGOON,"Lagoon, Other"
42006084001,LAGOON,"Lagoon, Other"
42006092001,LAGOON,"Lagoon, Other"
42006193001,LAGOON,"Lagoon, Other"
44000003001,LAGOON,"Lagoon, Other"
44000006001,LAGOON,"Lagoon, Other"
44000008001,LAGOON,"Lagoon, Other"
44000010001,LAGOON,"Lagoon, Other"
44000014001,LAGOON,"Lagoon, Other"
44000015001,LAGOON,"Lagoon, Other"
44000022001,LAGOON,"Lagoon, Other"
44000024001,LAGOON,"Lagoon, Other"
44000027001,LAGOON,"Lagoon, Other"
44000028001,LAGOON,"Lagoon, Other"
44000029001,LAGOON,"Lagoon, Other"
44000030001,LAGOON,"Lagoon, Other"
44000031001,LAGOON,"Lagoon, Other"
44000042001,LAGOON,"Lagoon, Other"
44440002001,LAGOON,"Lagoon, Other"
45000074001,LAGOON,"Lagoon, Other"
45000113001,LAGOON,"Lagoon, Other"
45000153001,LAGOON,"Lagoon, Other"
45000164002,LAGOON,"Lagoon, Other"
45000194001,LAGOON,"Lagoon, Other"
45000608006,LAGOON,"Lagoon, Other"
46000006001,LAGOON,"Lagoon, Other"
46000012001,LAGOON,"Lagoon, Other"
46000020001,LAGOON,"Lagoon, Other"
46000022001,LAGOON,"Lagoon, Other"
46000029001,LAGOON,"Lagoon, Other"
46000031001,LAGOON,"Lagoon, Other"
46000033001,LAGOON,"Lagoon, Other"
46000034001,LAGOON,"Lagoon, Other"
46000036001,LAGOON,"Lagoon, Other"
46000043001,LAGOON,"Lagoon, Other"
46000047001,LAGOON,"Lagoon, Other"
46000094001,LAGOON,"Lagoon, Other"
46000095001,LAGOON,"Lagoon, Other"
46000113001,LAGOON,"Lagoon, Other"
46000114001,LAGOON,"Lagoon, Other"
46000271001,LAGOON,"Lagoon, Other"
46000400001,LAGOON,"Lagoon, Other"
46000403001,LAGOON,"Lagoon, Other"
46000441001,LAGOON,"Lagoon, Other"
46000451001,LAGOON,"Lagoon, Other"
46000465001,LAGOON,"Lagoon, Other"
46000470001,LAGOON,"Lagoon, Other"
46000484001,LAGOON,"Lagoon, Other"
46000498001,LAGOON,"Lagoon, Other"
46000532001,LAGOON,"Lagoon, Other"
46000536001,LAGOON,"Lagoon, Other"
46000537001,LAGOON,"Lagoon, Other"
46000539001,LAGOON,"Lagoon, Other"
46000540001,LAGOON,"Lagoon, Other"
46000542001,LAGOON,"Lagoon, Other"
46000580002,LAGOON,"Lagoon, Other"
46000580004,LAGOON,"Lagoon, Other"
47000085001,LAGOON,"Lagoon, Other"
47000110001,LAGOON,"Lagoon, Other"
47000140001,LAGOON,"Lagoon, Other"
47000180001,LAGOON,"Lagoon, Other"
47000182001,LAGOON,"Lagoon, Other"
47000200001,LAGOON,"Lagoon, Other"
47000215001,LAGOON,"Lagoon, Other"
47000330001,LAGOON,"Lagoon, Other"
47000395001,LAGOON,"Lagoon, Other"
47000543001,LAGOON,"Lagoon, Other"
47000585001,LAGOON,"Lagoon, Other"
47000610001,LAGOON,"Lagoon, Other"
47000615001,LAGOON,"Lagoon, Other"
47000635001,LAGOON,"Lagoon, Other"
47000635002,LAGOON,"Lagoon, Other"
47000635003,LAGOON,"Lagoon, Other"
47000745001,LAGOON,"Lagoon, Other"
47000756001,LAGOON,"Lagoon, Other"
47000805003,LAGOON,"Lagoon, Other"
47000920001,LAGOON,"Lagoon, Other"
47001005001,LAGOON,"Lagoon, Other"
47001025001,LAGOON,"Lagoon, Other"
47001085001,LAGOON,"Lagoon, Other"
47001165001,LAGOON,"Lagoon, Other"
47001195001,LAGOON,"Lagoon, Other"
47001225001,LAGOON,"Lagoon, Other"
47001335001,LAGOON,"Lagoon, Other"
47001390001,LAGOON,"Lagoon, Other"
47003001001,LAGOON,"Lagoon, Other"
48000120001,LAGOON,"Lagoon, Other"
48000130001,LAGOON,"Lagoon, Other"
48000131001,LAGOON,"Lagoon, Other"
48000166001,LAGOON,"Lagoon, Other"
48001007001,LAGOON,"Lagoon, Other"
48001105001,LAGOON,"Lagoon, Other"
48001111001,LAGOON,"Lagoon, Other"
48001117001,LAGOON,"Lagoon, Other"
48001129001,LAGOON,"Lagoon, Other"
48001137001,LAGOON,"Lagoon, Other"
48001138001,LAGOON,"Lagoon, Other"
48002025001,LAGOON,"Lagoon, Other"
48002045001,LAGOON,"Lagoon, Other"
48003001001,LAGOON,"Lagoon, Other"
48003004001,LAGOON,"Lagoon, Other"
48003007001,LAGOON,"Lagoon, Other"
48003015001,LAGOON,"Lagoon, Other"
48003051001,LAGOON,"Lagoon, Other"
48003053001,LAGOON,"Lagoon, Other"
48003056001,LAGOON,"Lagoon, Other"
48003060001,LAGOON,"Lagoon, Other"
48003068001,LAGOON,"Lagoon, Other"
48003069001,LAGOON,"Lagoon, Other"
48003074001,LAGOON,"Lagoon, Other"
48003094001,LAGOON,"Lagoon, Other"
48003099001,LAGOON,"Lagoon, Other"
48003104001,LAGOON,"Lagoon, Other"
48003107001,LAGOON,"Lagoon, Other"
48003126001,LAGOON,"Lagoon, Other"
48003131001,LAGOON,"Lagoon, Other"
48003207001,LAGOON,"Lagoon, Other"
48003289001,LAGOON,"Lagoon, Other"
48003289002,LAGOON,"Lagoon, Other"
48004002001,LAGOON,"Lagoon, Other"
48004008001,LAGOON,"Lagoon, Other"
48004054001,LAGOON,"Lagoon, Other"
48004070001,LAGOON,"Lagoon, Other"
48004213001,LAGOON,"Lagoon, Other"
48004354003,LAGOON,"Lagoon, Other"
48004366001,LAGOON,"Lagoon, Other"
48005028001,LAGOON,"Lagoon, Other"
48005030001,LAGOON,"Lagoon, Other"
48005037001,LAGOON,"Lagoon, Other"
48005039001,LAGOON,"Lagoon, Other"
48005043001,LAGOON,"Lagoon, Other"
48005047001,LAGOON,"Lagoon, Other"
48005054001,LAGOON,"Lagoon, Other"
48005080001,LAGOON,"Lagoon, Other"
48005080002,LAGOON,"Lagoon, Other"
48005088001,LAGOON,"Lagoon, Other"
48005092001,LAGOON,"Lagoon, Other"
48005092002,LAGOON,"Lagoon, Other"
48005100001,LAGOON,"Lagoon, Other"
48005108001,LAGOON,"Lagoon, Other"
48006001001,LAGOON,"Lagoon, Other"
48006011001,LAGOON,"Lagoon, Other"
48006029001,LAGOON,"Lagoon, Other"
48006035001,LAGOON,"Lagoon, Other"
48006049001,LAGOON,"Lagoon, Other"
48006056001,LAGOON,"Lagoon, Other"
48006072001,LAGOON,"Lagoon, Other"
48006074001,LAGOON,"Lagoon, Other"
48007058001,LAGOON,"Lagoon, Other"
48007479001,LAGOON,"Lagoon, Other"
48008040001,LAGOON,"Lagoon, Other"
48008051001,LAGOON,"Lagoon, Other"
48009009001,LAGOON,"Lagoon, Other"
48009024001,LAGOON,"Lagoon, Other"
48009033001,LAGOON,"Lagoon, Other"
48009039001,LAGOON,"Lagoon, Other"
48009076001,LAGOON,"Lagoon, Other"
48009163001,LAGOON,"Lagoon, Other"
49000019001,LAGOON,"Lagoon, Other"
49000043001,LAGOON,"Lagoon, Other"
49000078001,LAGOON,"Lagoon, Other"
49000158001,LAGOON,"Lagoon, Other"
50000002001,LAGOON,"Lagoon, Other"
50000006001,LAGOON,"Lagoon, Other"
5000003003,LAGOON,"Lagoon, Other"
50000033001,LAGOON,"Lagoon, Other"
5000028001,LAGOON,"Lagoon, Other"
5000075001,LAGOON,"Lagoon, Other"
5000116001,LAGOON,"Lagoon, Other"
5000129001,LAGOON_AER,"Lagoon, Aerated"
5000130001,LAGOON,"Lagoon, Other"
5000132001,LAGOON_AER,"Lagoon, Aerated"
5000138001,LAGOON,"Lagoon, Other"
5000145001,LAGOON,"Lagoon, Other"
5000161001,LAGOON,"Lagoon, Other"
5000177001,LAGOON,"Lagoon, Other"
5000178001,LAGOON,"Lagoon, Other"
5000203001,LAGOON,"Lagoon, Other"
5000288001,LAGOON_AER,"Lagoon, Aerated"
5000309002,LAGOON_AER,"Lagoon, Aerated"
5000313001,LAGOON,"Lagoon, Other"
5000315001,LAGOON,"Lagoon, Other"
5000320001,LAGOON,"Lagoon, Other"
5000333001,LAGOON,"Lagoon, Other"
5000342001,LAGOON,"Lagoon, Other"
5000352001,LAGOON_AER,"Lagoon, Aerated"
5000377001,LAGOON,"Lagoon, Other"
5000400001,LAGOON_AER,"Lagoon, Aerated"
5000404001,LAGOON_AER,"Lagoon, Aerated"
5000453001,LAGOON,"Lagoon, Other"
5000464001,LAGOON,"Lagoon, Other"
5000465001,LAGOON_AER,"Lagoon, Aerated"
5000495001,LAGOON,"Lagoon, Other"
5000535001,LAGOON_AER,"Lagoon, Aerated"
5000565001,LAGOON,"Lagoon, Other"
5000591001,LAGOON_AER,"Lagoon, Aerated"
5000641001,LAGOON,"Lagoon, Other"
5000661001,LAGOON,"Lagoon, Other"
5000723001,LAGOON,"Lagoon, Other"
5000749001,LAGOON,"Lagoon, Other"
5000753001,LAGOON,"Lagoon, Other"
5000756001,LAGOON,"Lagoon, Other"
5000757001,LAGOON,"Lagoon, Other"
5000770001,LAGOON,"Lagoon, Other"
5000777001,LAGOON,"Lagoon, Other"
5000778001,LAGOON,"Lagoon, Other"
51000043002,LAGOON_AER,"Lagoon, Aerated"
51000073001,LAGOON_AER,"Lagoon, Aerated"
51000157001,LAGOON_AER,"Lagoon, Aerated"
51000183001,LAGOON,"Lagoon, Other"
51000203001,LAGOON,"Lagoon, Other"
51000358001,LAGOON_AER,"Lagoon, Aerated"
53000420001,LAGOON_POL,"Lagoon, Polishing"
53000745001,LAGOON,"Lagoon, Other"
53000945001,LAGOON,"Lagoon, Other"
53001505001,LAGOON,"Lagoon, Other"
53001570001,LAGOON,"Lagoon, Other"
53002110001,LAGOON,"Lagoon, Other"
53002215001,LAGOON_AER,"Lagoon, Aerated"
53002230001,LAGOON_AER,"Lagoon, Aerated"
53002245001,LAGOON_AER,"Lagoon, Aerated"
53010101011,LAGOON,"Lagoon, Other"
54000208001,LAGOON,"Lagoon, Other"
54001803001,LAGOON,"Lagoon, Other"
54001893001,LAGOON,"Lagoon, Other"
54002203001,LAGOON,"Lagoon, Other"
54002206001,LAGOON,"Lagoon, Other"
54003601001,LAGOON,"Lagoon, Other"
54004012001,LAGOON,"Lagoon, Other"
54005013001,LAGOON,"Lagoon, Other"
54005301001,LAGOON,"Lagoon, Other"
55000240001,LAGOON,"Lagoon, Other"
55000320001,LAGOON,"Lagoon, Other"
55001110001,LAGOON,"Lagoon, Other"
55001290001,LAGOON,"Lagoon, Other"
55001370001,LAGOON,"Lagoon, Other"
55001800001,LAGOON_AER,"Lagoon, Aerated"
55001850001,LAGOON,"Lagoon, Other"
55001900001,LAGOON,"Lagoon, Other"
55002020001,LAGOON,"Lagoon, Other"
55002450001,LAGOON,"Lagoon, Other"
55002590001,LAGOON,"Lagoon, Other"
55002600001,LAGOON,"Lagoon, Other"
55002730001,LAGOON,"Lagoon, Other"
55002837001,LAGOON,"Lagoon, Other"
55003780001,LAGOON,"Lagoon, Other"
55004040001,LAGOON,"Lagoon, Other"
55004200001,LAGOON,"Lagoon, Other"
55004365001,LAGOON,"Lagoon, Other"
55004600001,LAGOON,"Lagoon, Other"
55004990001,LAGOON,"Lagoon, Other"
55005420001,LAGOON,"Lagoon, Other"
55009719001,LAGOON,"Lagoon, Other"
55009842001,LAGOON,"Lagoon, Other"
55009883001,LAGOON,"Lagoon, Other"
55009905001,LAGOON,"Lagoon, Other"
56000006001,LAGOON_POL,"Lagoon, Polishing"
56000008001,LAGOON,"Lagoon, Other"
56000010001,LAGOON,"Lagoon, Other"
56000013001,LAGOON_AER,"Lagoon, Aerated"
56000014001,LAGOON,"Lagoon, Other"
56000016001,LAGOON_AER,"Lagoon, Aerated"
56000017001,LAGOON_AER,"Lagoon, Aerated"
56000020001,LAGOON_AER,"Lagoon, Aerated"
56000022001,LAGOON_AER,"Lagoon, Aerated"
56000026001,LAGOON,"Lagoon, Other"
56000027001,LAGOON,"Lagoon, Other"
56000028001,LAGOON_AER,"Lagoon, Aerated"
56000031712,LAGOON,"Lagoon, Other"
56000034001,LAGOON_AER,"Lagoon, Aerated"
56000043001,LAGOON_AER,"Lagoon, Aerated"
56000044001,LAGOON_AER,"Lagoon, Aerated"
56000051001,LAGOON,"Lagoon, Other"
56000057001,LAGOON_AER,"Lagoon, Aerated"
56000063001,LAGOON_AER,"Lagoon, Aerated"
56000067001,LAGOON,"Lagoon, Other"
56000077001,LAGOON_AER,"Lagoon, Aerated"
56000083001,LAGOON,"Lagoon, Other"
56000084001,LAGOON_AER,"Lagoon, Aerated"
56000085001,LAGOON,"Lagoon, Other"
56000086001,LAGOON,"Lagoon, Other"
56000092001,LAGOON,"Lagoon, Other"
56000093001,LAGOON,"Lagoon, Other"
56000096001,LAGOON,"Lagoon, Other"
56000131001,LAGOON_AER,"Lagoon, Aerated"
56000310001,LAGOON_AER,"Lagoon, Aerated"
56000500001,LAGOON,"Lagoon, Other"
6001009001,LAGOON,"Lagoon, Other"
6002008001,LAGOON_FAC,"Lagoon, Facultative"
6003033001,LAGOON,"Lagoon, Other"
6003047001,LAGOON,"Lagoon, Other"
6004022002,LAGOON,"Lagoon, Other"
6005018001,LAGOON,"Lagoon, Other"
6005065001,LAGOON_FAC,"Lagoon, Facultative"
6007018001,LAGOON,"Lagoon, Other"
8000006001,LAGOON,"Lagoon, Other"
8000009001,LAGOON,"Lagoon, Other"
8000011001,LAGOON_POL,"Lagoon, Polishing"
8000012001,LAGOON,"Lagoon, Other"
8000039001,LAGOON,"Lagoon, Other"
8000043001,LAGOON_AER,"Lagoon, Aerated"
8000043001,LAGOON_FAC,"Lagoon, Facultative"
8000049001,LAGOON,"Lagoon, Other"
8000105001,LAGOON_AER,"Lagoon, Aerated"
8000105001,LAGOON_POL,"Lagoon, Polishing"
8000107001,LAGOON,"Lagoon, Other"
8000161001,LAGOON_POL,"Lagoon, Polishing"
8000168001,LAGOON,"Lagoon, Other"
8000181001,LAGOON,"Lagoon, Other"
8000188001,LAGOON_POL,"Lagoon, Polishing"
8000224001,LAGOON,"Lagoon, Other"
8000231001,LAGOON_AER,"Lagoon, Aerated"
8000231001,LAGOON_POL,"Lagoon, Polishing"
8000242001,LAGOON_AER,"Lagoon, Aerated"
8000242001,LAGOON_POL,"Lagoon, Polishing"
8000244001,LAGOON,"Lagoon, Other"
8000247001,LAGOON_POL,"Lagoon, Polishing"
8000256001,LAGOON_FAC,"Lagoon, Facultative"
8000258001,LAGOON,"Lagoon, Other"
8000264001,LAGOON,"Lagoon, Other"
8000267001,LAGOON_POL,"Lagoon, Polishing"
8000286001,LAGOON_FAC,"Lagoon, Facultative"
8000322001,LAGOON_POL,"Lagoon, Polishing"
8000345001,LAGOON_POL,"Lagoon, Polishing"
8000352001,LAGOON_POL,"Lagoon, Polishing"
8000400000,LAGOON_AER,"Lagoon, Aerated"
8000400000,LAGOON_POL,"Lagoon, Polishing"
8000400002,LAGOON_AER,"Lagoon, Aerated"
8201200001,LAGOON_AER,"Lagoon, Aerated"
8201200001,LAGOON_POL,"Lagoon, Polishing"
8201200053,LAGOON_AER,"Lagoon, Aerated"
8201200053,LAGOON_FAC,"Lagoon, Facultative"
8201200053,LAGOON_POL,"Lagoon, Polishing"
8201200057,LAGOON_AER,"Lagoon, Aerated"
8201200057,LAGOON_POL,"Lagoon, Polishing"
8209000028,LAGOON,"Lagoon, Other"
8209000030,LAGOON_AER,"Lagoon, Aerated"
8209000039,LAGOON_AER,"Lagoon, Aerated"
8209000039,LAGOON_POL,"Lagoon, Polishing"
8209000046,LAGOON_AER,"Lagoon, Aerated"
8209000050,LAGOON_AER,"Lagoon, Aerated"
8209000050,LAGOON_POL,"Lagoon, Polishing"
8209000056,LAGOON_AER,"Lagoon, Aerated"
8209000060,LAGOON_AER,"Lagoon, Aerated"
8209000060,LAGOON_POL,"Lagoon, Polishing"
8209000067,LAGOON_AER,"Lagoon, Aerated"
8209000067,LAGOON_POL,"Lagoon, Polishing"
8209000080,LAGOON_AER,"Lagoon, Aerated"
8209000098,LAGOON_AER,"Lagoon, Aerated"
8209000098,LAGOON_POL,"Lagoon, Polishing"
9000980001,LAGOON,"Lagoon, Other"
26000596001,LAGOON,"Lagoon, Other"